uuid,vin,make,model,year
9f838e39-ca48-452d-bd67-e1c7434a5b95,1GYFC56239R187101,Chevrolet,Aveo,2005
2f1e203d-c55f-4c95-a433-ee5298579fca,5GAKVBED6BJ897423,Mercedes-Benz,W201,1992
74e88639-a5b9-4ad4-9762-92b527834f5d,1G6KD57YX4U129371,Ford,Escort,1996
638f048a-bada-498a-9579-ad3026c4ecb4,SCFEBBBC4AG025822,Jaguar,XJ Series,1999
82b797a9-176f-4636-8b3b-8b2ae1c2ec2e,3GTXCYEJ5AG444641,Mercedes-Benz,GL-Class,2007
f8ad222f-b876-462a-b486-025c2e17db0f,WBAYE4C50FD809533,Honda,S2000,2004
0f6756df-6f07-4af3-8a81-33b717406669,WD3PE7DC7F5449887,Dodge,Caliber,2009
1a9a797a-f835-4f2d-b73a-c5228a5eaf0b,WAUDH48H09K553368,Volvo,S40,2006
e9766443-a043-41e3-a8e3-0bab3c59bcbc,WAULD64B62N068080,Geo,Metro,1994
6e528689-8b48-4763-b650-5bf5864d21c6,YV426MDA6F2234901,Chevrolet,Malibu,2006
399c0bae-a70b-44ab-98cc-510befaae6f7,1FAHP3CN6AW391571,Chrysler,300,2007
b67ff616-8ea8-4861-b5bd-2181f31dd45a,1GYUCHEF6AR686296,Volkswagen,Jetta III,1993
841b689a-70ae-4896-b05d-201b5e0a03ff,WAUAF78E87A024723,Subaru,Forester,2006
4542e57a-dd32-4173-9de9-506bf4e1151e,1D7RB1GP0AS311031,GMC,Yukon XL 2500,2004
438ba9fb-41ff-4194-a8bc-479267f26a3d,1FTWX3A57AE433138,Maybach,57,2006
cf24a3dc-47de-45bd-bac5-47ec87c1c72d,WVWED7AJ3CW252675,Dodge,Ram 3500,1999
ff9849bb-d91a-4253-bcbd-ba15ab498adb,2G4WC582691260033,Toyota,T100,1993
4c7777fd-9f1b-46d7-9861-298997a3f88b,1N6AD0CU9CN668018,Lincoln,Navigator,2011
eb966b39-c894-4479-a0b4-8ee5806be315,19VDE1F76FE475366,Volkswagen,Jetta,1989
bd6c17db-465b-4e26-8995-5229895f69b6,WA1AY94L57D005231,Lincoln,Continental,1999
edec69ff-3cea-485d-89d3-dd0bb5000458,JN8AZ2KRXCT963612,Chevrolet,S10,2003
39aeb37a-46a5-45f4-8b9f-3b23b37ebdae,KMHFH4JG2FA402641,Mercury,Grand Marquis,2003
567e1c88-755d-4aa6-baa5-4998ff6dd829,1FTEX1CM1BK953942,Chevrolet,Tracker,2002
521e6d9b-ceb7-49c8-b847-364f688e2d4c,5J6TF1H31EL515489,Chevrolet,Express 2500,2001
d4bff15c-8f8c-4396-8f16-3823aa6f4fd4,1N6AA0CA4CN516081,Chevrolet,Silverado 1500,2010
f3dfcb2f-3f8c-4dcc-857e-986a3d3a2230,JA32X8HW3CU803456,Chevrolet,Avalanche 1500,2003
165d3995-eda9-4151-b7dc-55205d7828f0,JM1CW2BL6E0493995,Volkswagen,Type 2,1991
4fb7c19c-ce3c-46c2-b4eb-dd214344c8d1,WA1VMBFE1ED861044,Mitsubishi,Chariot,1994
7a698adc-3012-4521-8bb8-8a0165ed92d1,1GYS3CEF5CR464409,Ford,Econoline E350,1995
4c75ea80-8094-4b94-8cb7-31ef5d94decf,SAJWJ0EF0E8609586,Chrysler,PT Cruiser,2010
50604fe4-89d0-42da-b11f-386155df8454,1G6DC67A690011174,Chevrolet,Suburban 2500,1998
02f39c52-f788-4643-b21e-2ab88c83fbac,KNADH5A39A6651378,Chevrolet,3500,1992
0b908b05-ea5b-4785-872f-23311941377a,WBAXH5C57DD299963,Volkswagen,Cabriolet,1993
bafd745e-2e41-4953-92fc-f22ed5258325,WAUKH78E06A655981,Chrysler,Town & Country,2001
755ef48b-2a59-449c-86cd-879884ac265f,WBASP4C53BC993415,Mercury,Sable,1987
371298a0-5510-412b-9ef8-f4639aa09eb4,WUARL48H14K766137,Mercedes-Benz,S-Class,1999
da0aeff1-965a-40ee-a082-c92f0a205daf,1N6AA0ED3FN805433,Ford,Flex,2013
cc96ee32-e8c5-433f-93ef-9cc7f9bdbfe7,JTHFN2EY6A9931443,Mazda,626,1989
a88db7a2-aada-41bc-a82c-1efa1d993b8c,1G6AB5RX2F0962338,Mercury,Sable,2003
2b5cb342-8d40-4564-b61f-923658b1dd57,1G4PP5SK3F4331044,Chevrolet,Express 1500,2004
9d2c5ec2-4e8a-4c9e-98c8-1914ec2d25d4,ZHWGU5BZ3CL873943,BMW,Z8,2000
c04cc503-7470-4e17-a76f-8edaea8b34ae,WBA4C9C5XFG512849,Honda,Accord,1992
29031090-e856-4ffa-b205-537f11f6139d,1G4GB5GR5EF134349,Nissan,Armada,2009
123e1659-4714-43fe-bc94-42ada033fb9f,WAUEFBFL7BN423338,Geo,Tracker,1997
3e431714-a553-42bd-b7f0-a1fafeb4d2c2,1G6DC5EY4B0108325,Audi,A5,2008
c6b44366-e2d6-40e9-a699-a3465ef5a272,JTDKN3DU6A0459964,GMC,Envoy XL,2003
33bf7c0f-0ca6-4476-ad73-c4aef9b612a3,KNAFU5A2XD5090145,Buick,Park Avenue,2002
d5bb81c6-6392-401a-a048-ff25138ca17c,2HNYD18692H489982,Infiniti,G37,2009
a1b9ccd7-d6db-4a17-ae1a-40aeac86ae62,5J8TB4H3XGL009103,Nissan,350Z,2009
f3bc8f96-6974-4d1d-b6d6-1acf41cfa7ef,2LMDJ6JK1CB584896,Chevrolet,Lumina,2001
25205942-18dc-45c6-8816-4c5c1375cd45,ZFBCFACH6FZ990890,Audi,90,1993
e9c8c082-cfb7-4ccc-85e4-f117b7dc6fea,1FTWW3DY9AE711353,Cadillac,STS,2009
d1d377d4-2792-48ff-bbb8-7829fa400de1,1C4RJEAG8FC872401,Ford,Taurus,1995
0980f369-41e7-420a-b7ab-add047ea7f67,WBA4A9C59FD775020,Toyota,Sienna,2001
16f962b2-9c06-494b-bdee-aceab19a2c69,1FMEU5BE8AU487208,GMC,Envoy,2007
e85d1534-2e26-4758-b757-40707be222f0,1G6AK5S37F0158611,Mercedes-Benz,CL-Class,2003
fed64065-feaa-4d41-96e4-a255bf8f525a,WAUPFAFM5BA494203,Dodge,Dakota Club,1997
d6f7028b-2380-4eab-bbca-cb33a993ad34,JA32U1FU2DU569099,Ford,Mustang,1994
5a9050c1-6a61-4299-bce4-20c5cca19057,WBANN73547C235773,Lexus,ES,1992
5841a049-74ae-40b3-9622-db2289053f8b,JTDZN3EU1FJ559226,Oldsmobile,Cutlass Supreme,1997
d3aaf73b-2c54-4ad5-abae-2441f647bfba,WAUDF98E25A544700,Maybach,Landaulet,2009
38a87774-022a-41b0-b6e9-9420215687fa,JN8AZ1MU2DW563104,Mitsubishi,Pajero,1988
5093fe02-6b8e-41ea-b0ff-03dbfdb2c8be,WDDEJ7EB9BA561077,Mitsubishi,Endeavor,2010
325010f3-f664-43be-a184-ce6b8897a014,1B3CC5FB7AN192257,Porsche,968,1995
63f8db90-9c1e-4a2c-a3b1-7315cb3901b2,YV126MEC2F1902941,Dodge,Ram 2500,1994
3df636af-78b7-47fb-83f6-216d474b7cf8,WAUNF78P38A698377,Acura,RDX,2009
62dd6ec6-452d-41c6-a687-25ff48214518,2C3CDZAT3FH164172,GMC,1500 Club Coupe,1999
e51aa429-28f8-418b-9955-7fa2b4c97bc2,1G6DK1E33D0089169,Mercury,Tracer,1991
7936753a-ffe2-467d-859f-4a56f23c8bdd,2HNYD18735H758720,Lamborghini,Gallardo,2009
4d0e19f2-d48e-45ca-bb38-393f6fef9a88,5NPDH4AE2CH830448,Dodge,Colt,1989
d7c9865e-5fec-4b53-a322-149104b308f2,1N6AA0CA4FN133553,Audi,Q7,2012
6b5578cb-bfbf-4b8d-bfb6-c37ff15602bb,WBANW13589C871660,Toyota,Sienna,2010
5e6eb91a-bfc9-4ff7-85ff-4a57a6a1be18,WAUJC58E35A524833,Mitsubishi,3000GT,1997
19c5d181-663d-436b-a318-11207803b36e,1N6AF0LX3EN325275,Cadillac,XLR,2006
50af2446-e844-44a1-a153-49e676c9a82a,5FRYD3H48EB086407,Chevrolet,Equinox,2011
d2b3d67a-5dec-48ff-b9a4-69ba394b5195,1GYS4KEF0DR834061,Volvo,XC70,2005
0e0d5640-3e13-4467-99ad-891d75c722f9,WBAUN1C50CV306300,Audi,TT,2005
ec5ba15f-f038-4c2d-bb2c-2e01e457334a,3VW4A7AT5CM226548,Mazda,Mazda6,2010
b910edfb-40af-484f-8abb-84188cedfe9c,WA1VMBFP6EA978136,Chevrolet,Uplander,2007
2f52993a-5c44-4eef-a060-5e34d3904970,1HGCP2F31CA957744,Toyota,Tacoma Xtra,2001
d06b655a-0e68-42a4-95f5-6fc1f0e0513e,WAUGL98E08A833777,Dodge,Charger,2007
d842c1e8-6a78-4bf6-942f-5b796bd3e3d8,WBA6B2C50FG334064,Mercury,Mariner,2008
4c32123d-8a5c-4401-9e80-e5e816bf7291,SALWG2WFXEA877845,Chrysler,Concorde,1999
d4cea84e-13c4-489f-9ad4-fe0d90753888,WBA3T3C55F5082734,Ford,Escort,1992
93c56853-59bf-4e98-99dc-2809eeee308b,WBSWL93588P568909,Mazda,Millenia,1997
f51c372b-5e14-44e1-b5d7-0adc8eb3be4e,1GD21ZCG8BZ665449,Chrysler,Concorde,1995
d6f1c527-9825-4a58-b278-81d1cc20ee28,SCFAD05D09G703866,Subaru,Alcyone SVX,1992
24b3a680-c302-401c-93fd-57f4b11264f2,WAUGGAFC1CN211505,Audi,S4,2008
204043ca-8711-4853-9e62-d5552ff3b9fe,WBA3B3C58DF731100,Honda,Insight,2002
a26dec90-7fcb-4bd7-95e4-3daa54128743,JN8AF5MR9CT445739,Lexus,ES,2012
b77de4ab-0734-4144-b021-9593bca80e5f,1N6AF0LY3FN278825,Bentley,Continental GTC,2011
4dfd4207-8122-4be4-a3ec-20df10657247,WBA3D3C52EK881917,Mitsubishi,Mirage,1999
9a5b45b0-9e9a-4dc3-a499-5c802aefbe3a,1B3CB2HA0AD369694,Dodge,Colt,1994
cc5b4088-9ccc-4ab5-b687-5b6dadadf0f9,5NPET4AC8AH056673,BMW,M5,2002
1d959e6d-f6de-4189-b4db-33bb97eea9ea,1GYS4UKJ8FR927093,Subaru,Loyale,1991
4a114d3c-1442-41b8-a8f3-2556f66ebbaa,JN1CV6AP8FM677797,Ford,F150,2011
8e4077a3-dc1d-432c-bfed-58942d60ab20,JTDKDTB35E1736388,Acura,TSX,2005
a1936591-360c-4b99-92f2-e193019f2a9c,WA1WMBFE0CD528870,Mitsubishi,Truck,1986
bd6ec31c-c7b0-488d-8f2e-9c0604652b33,WA1AV74L67D309259,Ford,Edge,2009
21909068-497c-41d4-b4b7-b4bc2ad4de25,1VWAH7A36DC787052,Mazda,Tribute,2011
c0feb5a7-0404-492b-a101-42f489373609,WAUPL58E14A205861,Chevrolet,Express 1500,1996
fcda5c30-41e9-471c-8020-f4f18277b8f0,WBAUN7C59BV020852,Chevrolet,Tahoe,2003
e63a56d5-8e76-4280-bf66-3060be124bab,1FMJK1F53AE784338,Chevrolet,Cobalt,2005
730bf5a2-4759-4166-acec-22aa2ebe788d,5TDBCRFHXFS757754,Ford,Escort,1989
6ab70158-42a3-4f28-b1a5-0b41c3b1a586,1G6DH8EG9A0225147,Mercury,Sable,1989
c5c4fc2b-a571-4085-b8cb-de1b8075ee95,WAUGL98E55A081666,Ford,F250,2001
6fce5413-4904-418f-af28-9a13d28ed0fa,JH4CL96946C652334,Mitsubishi,Eclipse,1994
ad5750e2-c033-4b33-9438-7092934569af,WAUCFAFR3CA708052,Volkswagen,Corrado,1991
e57965cc-654d-4035-8f1a-918ccf6e4d35,2C3CDXGJ2DH616832,Chevrolet,Camaro,1968
d3f3ef14-fef4-40d8-92b3-f8d06a02a610,1FTWF3B58AE362937,Mercury,Topaz,1986
46136bd5-1b11-48bf-abb4-a899e33c51f1,2T1BU4EE1DC188922,Nissan,Pathfinder,2009
d8620db7-39b9-4383-91e0-bc7509d1aa28,SCFBF03B27G647846,Pontiac,G3,2009
4b1f63c4-0ae6-48a6-b5f2-f7c50c61e323,2C3CDZAG4FH575860,Audi,A4,2009
039c8384-a172-4c9d-8f15-0abee1d3071d,WA1GFCFS8FR440859,Mazda,B-Series,1994
2e7e1317-941f-4de9-812b-0977ef2889ac,WAUDG68E65A744507,Kia,Optima,2001
8c502bf8-fbe2-44f5-bbf3-10ca8c002f0e,1FTWF3C51AE274715,Jeep,Cherokee,2001
0eeb1557-b9f9-4ac2-99e7-f6e062f998fb,4A31K3DT3CE918723,Kia,Sedona,2007
8f508d16-6d1f-465f-983c-d7b5e308479e,3C3CFFDR0FT253357,Mazda,B-Series,2009
5a9c5f20-b647-43d0-ad95-2456077112e5,JN1AZ4EH5CM506908,Mercedes-Benz,CLK-Class,2006
9a8191a0-c7a6-4416-8db8-6d44152c5c93,WBA3A5C57FF168526,Mazda,MX-6,1992
6c588299-d8e9-431a-be24-80ebafeaabcb,KMHGH4JH4EU771317,Ford,Econoline E250,2001
be2a3e57-a0b5-41dd-a9c2-7ed408bbdc6e,3GYFNAE3XES842102,Ford,Taurus X,2009
a4db200a-511a-44f6-b39f-e62f5408c7a7,5GAKVCKD5DJ345425,Nissan,GT-R,2013
d58cf3ab-e41c-49f6-a7da-7e5648571d29,WBAVC93518K869910,Buick,Roadmaster,1991
76078e6c-76e3-4035-9866-1e67e5c0f057,WBAWB73547P284512,Subaru,Legacy,2007
f87b26f5-8792-4a6b-9e61-1aaa4ae80bff,SCFFDAAE2CG784936,Mercedes-Benz,C-Class,2006
e63bcc73-ed8d-4a45-a34b-efc4c55ff36c,WAUEH94F26N922327,Audi,S6,2007
04bbf272-6100-4b0d-ba09-ab3a2057d05e,WP0CB2A89CS810047,Suzuki,Equator,2012
8b57a1b5-0ac8-401e-8a8f-60783a09896d,1FAHP3CN4AW751937,Maybach,62,2012
81130170-399e-4cf2-9327-2e5246050b1f,1ZVBP8JS2B5280316,BMW,M5,2009
1d0b3f88-b9ae-4a97-a74a-55e189e19b15,WAUFFBFL0BN883803,Cadillac,DeVille,2002
eb5d2428-3e2e-4562-aadd-207ec1fa6011,WBA3C3C55FP418760,Plymouth,Breeze,2000
c30c6cf5-8141-4878-b44c-d1ebe79f55d9,2C3CDXCT5EH976055,Subaru,Tribeca,2011
ab0cebfc-e39d-461e-a2d0-d4312be7ecfd,WBAYA6C57DD096036,Bentley,Azure,2009
301a8d9f-344a-4dde-b1f7-868e42623eac,WVWGU7AN8CE273653,Pontiac,Grand Am,2001
52c53fd3-22d4-4882-8125-889c2c9a4349,WAUBFAFL2FN890685,Infiniti,I,2001
5114b7f1-41b7-44f4-9abf-71fc8878d1e1,JH4DC53844S937076,Nissan,NV3500,2012
84399b9d-dbfb-40e3-8bee-31e6c437214e,JTEBU5JR0D5973178,Aston Martin,V8 Vantage S,2012
8c596975-6f3b-4cf1-a47b-4de04e13e657,1FTEW1CF9FF312928,GMC,Envoy,1999
454946e4-67f1-4c7d-a3a4-eab749358ca9,1G6DD67V580089072,Chrysler,LeBaron,1992
8002288b-45f8-4666-882b-ba1090755d0d,WAUBFAFLXBN642713,Chevrolet,Express 2500,1998
6dc5ee83-755e-41ca-8a6a-15594784b395,1G6KE57Y74U850955,BMW,760,2003
7e1735f0-f954-4458-8039-18a4622ca8a8,WA1MYAFE2AD743024,BMW,Z8,2000
174715be-7651-4c88-9c29-471cfb13c880,1GYS4CKJ6FR766821,Mazda,Protege,1992
e56c04e5-b34b-499c-aa7e-e33c0239d328,SCFBB04B18G932730,Chrysler,Cirrus,1995
82094779-b567-4d35-9d70-a0833785551f,2V4RW3D18AR078095,Volvo,S40,2001
0b8e0a86-b6a4-4411-940c-2c2469f62617,WBAUN93558V914934,Suzuki,Esteem,2002
2c70acc8-1a86-4f89-b6ba-a0ec82ecc606,2G4WC552961616250,Mazda,GLC,1984
7f406a07-4b8e-48eb-89b8-09942f034ca9,SCFAB01A56G094870,Buick,Century,2004
cee2f23d-6c55-4d03-9f49-667d17728da3,1FTSE3EL8AD615272,Dodge,Grand Caravan,2012
b5492765-d45a-400c-a961-d79de801078b,WBA1M1C5XFV874063,Mercury,Grand Marquis,2003
d60fc130-d6a1-4611-b76f-32ea0716a630,JN8AE2KP0D9294601,GMC,Suburban 1500,1993
8a385462-a212-45b9-958a-c7101a90b1b8,1FTSW2A54AE100858,Chevrolet,Express 1500,2006
6ff2bdec-a645-4be3-afc3-893c129d3e96,WAUHF78P58A467770,Buick,Regal,1988
29404711-98bb-49fb-a907-99d2a483ec8b,YV4902BZXD1846101,Pontiac,Montana,2000
288eb42f-2c2a-4655-8e3b-b63774f6a72f,WDDHF5KB6EA112290,Chevrolet,Tahoe,2002
8396ea1c-0e76-4ed0-806b-41ae2cb8fc39,1GD12YEG9FF489261,Land Rover,Range Rover Evoque,2012
d48afaf1-91ba-436b-90ae-30900a75035e,WA1EV94L57D578804,Hyundai,Elantra,2007
22ed0002-c024-48cf-8cbc-712f5243abb4,2G4GR5EC5B9148959,Ford,Thunderbird,2003
3b950eed-1124-49fd-93d2-e97f95b767a1,JH4KB2F67CC763953,Mitsubishi,RVR,1992
4e0496f9-a3fc-4d48-82db-2216c1cf6ef6,1NXBE4EE6AZ623411,Ford,Laser,1987
0499e7a4-1510-4896-b37f-0327b086f928,JM1CR2W38A0978831,Chrysler,LeBaron,1994
6ae1edb4-a6fc-421d-9aa5-47f9d0c98b8c,5UXFB53555L783605,Ford,Thunderbird,1996
3258fb86-672e-4693-aa95-ed4f056502a6,WAULK78K09A802817,Toyota,Highlander,2008
a01d284e-c191-44cf-b695-5e17cfe06e70,1D7RE3GK3BS571027,Lincoln,Town Car,1992
05e36700-8197-413f-863e-744abe5410db,2C4RDGBG3FR927569,Chevrolet,Camaro,2000
ea24d7fd-6d4f-4552-a157-15e546726212,SCFHDDBT4EG738826,Cadillac,Escalade EXT,2010
c229b45c-225a-4c51-b933-ff1d7dd86497,WAUCFAFC9DN941438,Daewoo,Leganza,2001
c5cf60af-221d-48a0-8c4d-36082deb582c,1ZVBP8AM1C5649900,Volvo,740,1992
84544eb1-7c6f-43db-8806-1e391210e90d,1GYS3BEF5BR639587,Mazda,Miata MX-5,2011
21faccfe-7021-409d-91a4-db6fb605e615,1N6AA0CC1DN617727,Lincoln,Navigator,2000
56e96257-e76e-4080-9583-d7a3c78b1667,1G6AB5RX5F0086851,Saturn,Aura,2007
421f2e76-c583-4b83-a7ea-7ee817b94f43,1G6DA1E32E0935408,Ford,Explorer,2003
81918798-257f-4c08-b65d-7f34c9cfc982,2C3CDYBT7CH436274,Volvo,XC90,2010
560f2279-587b-4741-8391-4977a8128f0f,WAUVT68E64A012389,Pontiac,Grand Prix,1993
26c71ab1-acdf-44e1-b1a4-3039a0e1c1de,3VWKZ8AJ6BM849700,Chevrolet,Impala,2008
981e28b1-14d9-4c0c-9407-3ef1b2a8fce1,SCBBR93W878249857,Chevrolet,Avalanche,2011
df9309b4-8c6a-4f6a-a3a2-60cb054d6af4,JM1GJ1T51E1987251,Ford,Mustang,1994
92cbd54b-7c9d-491d-ba17-04d2188ed403,19XFA1F22AE468343,Ford,Windstar,1996
ac0e050f-76d2-4426-a4aa-3e0124da5fe4,1D7CW3BKXAS131735,Mazda,Familia,1990
5d351562-97be-419c-b464-39af0a1b53b3,WDDGF4HB7CA724234,Chevrolet,Express 2500,2008
27842ab2-b924-426e-b28d-b2bbd9bec2bf,1GD02ZCG2DZ858994,Nissan,Titan,2009
e7b3a116-1519-4f21-84f2-83771f48d2fc,5BZBF0AA7FN262396,Porsche,911,1993
b7e9a15c-54ec-4bdd-aa19-800d245d297c,SAJWA4FB7EL185260,Mitsubishi,Eclipse,2012
829372fe-3ce4-4ea2-a168-cc3ba4bdd49b,1NXBU4EE5AZ071936,Subaru,Leone,1987
cb781a8c-a4a1-41cb-834d-a03e735a9615,1G6DP5EV1A0746590,Mercedes-Benz,CLS-Class,2009
93178fd0-0bb0-40ac-af1e-f5618bd2d99e,WBA3B9C54DF300546,Lexus,GS,2000
5d93b423-fac6-4b89-9572-be2941764e80,SCBLC43F65C652884,Volvo,S80,2010
f679a6bb-c926-495e-b573-fde95a384f2d,1B3CB1HA6AD342056,Suzuki,XL7,2006
8e54c640-e99c-4a4e-9405-88754603898f,5GAKRAED2BJ339695,Ford,Thunderbird,1986
0dc02594-66c4-416e-aea2-e67cbb4402ef,JN1CV6AP6CM075833,Volvo,V40,2003
bd1ad4b4-484e-46f2-bc38-763d1f56220e,2T1BU4EE9CC267799,Lexus,ES,2002
4a49b8d4-5e20-48f7-bd8c-ba825e655f66,WBA3A9C53CF538261,Volvo,S60,2012
50ca9bde-1207-4a3a-b1c1-47dfc81fbbe8,KM8JT3AB1CU322927,Chevrolet,2500,1998
8cda88ad-f41a-49e1-b42d-e5338805af64,WVGEF9BP7DD609289,Buick,Park Avenue,2000
b24edaf0-38d1-454f-96d9-6881b75cc9cf,1GYS3EEJ0CR182193,Hyundai,XG350,2004
d271af56-5e3e-4bcb-ac81-bef080c8fe53,SALVN2BG0DH518803,Dodge,Avenger,2008
f05d16b1-58e5-4da6-b0af-0260b29868ac,KMHTC6AD8CU177669,Ford,LTD Crown Victoria,1987
10080658-c01d-486f-8655-4d6fdea652f2,2G4WS52J731590905,Chevrolet,Express 3500,2005
dadfd74d-d07e-4fe3-9205-f6780e209c78,WBA3B1C57EP588883,Acura,TL,2011
22aa2b9c-165f-4388-b766-8b2f30d4d5de,19UYA42691A762362,Lexus,RX,2013
62c7ced0-9c64-4c04-807c-c561565a5f07,WP0AB2A81CU557740,Pontiac,Tempest,1967
d6474bab-611e-4960-b80f-4ee339ed08d8,WDDUG7GB2FA330079,Ford,Excursion,2004
e15d2709-25a7-439e-8434-c76926ac793c,WAUCVAFR1AA850108,Porsche,Cayman,2012
0164991d-6859-414f-b5b5-c8b9ac3f7975,WAULT68E25A247526,Subaru,Forester,2007
6f89a4d6-0b43-4680-8663-6b8208fa632f,WBAKF3C5XBE996975,Mazda,Mazda3,2011
2196f62d-832a-4d64-be64-4e91c8d2d77b,SCBDC4BL5AC972705,Lamborghini,Gallardo,2008
7ed93c24-eab4-48c8-91cb-435204f2fa52,WBANW1C54AC073239,Lincoln,Mark VIII,1994
2cb9f4db-a4b3-4637-89e1-676a921aadc8,3D7JB1EK4BG811769,Volvo,XC70,2010
c8cfe8e8-b081-4fb0-9ed9-88c685885ac0,WAUDG94F15N952433,Chevrolet,Cavalier,2005
8dd95d0c-4fa9-4621-9a2d-edb4f39ed5dd,3FAHP0JA8AR363661,Buick,LeSabre,1996
1a5cc7cd-4fe5-47b4-a796-def92f8ace9d,WBAVB33516K874005,Chrysler,Imperial,1926
7f0718a7-081e-4844-b78d-4778364bfa27,3VW467AT5DM474608,Nissan,Maxima,1990
cab8991c-0522-4a96-9950-2bbf05655369,1G6AE5S37E0891084,Suzuki,Vitara,2002
ab55cd4d-7293-4067-9f43-99fcabad935f,WAUKH78E77A392065,Lexus,IS-F,2011
8858bdab-48ae-4e54-aa05-98de7fbbc79d,3GYFNGEY2BS830603,Isuzu,Ascender,2009
e767f0d0-d863-4a58-9595-9d734f505e2e,1G6AL5SX7E0150586,Oldsmobile,Aurora,2003
92db49cc-6e53-490b-a8c4-0c8fab5a2bd3,2G61R5S35F9182195,Toyota,Prius,2005
6da29422-64cf-4e38-ac59-2b48ae663494,3VW517AT1FM275660,Jeep,Compass,2011
c9e75fb1-b37a-4cd1-ac44-62d38f24b5db,1G6AA5RX9F0874356,Toyota,Sequoia,2008
9a6438ef-60b2-442d-bb78-e8fa1bffc59b,3GYFNEE33FS788702,BMW,3 Series,2006
621fa068-1bbf-4b92-9f97-40a019e1d10a,1FTWW3A54AE255630,Plymouth,Voyager,1996
6c5afc91-f362-4c0f-a0c3-a25ed6f51701,3N1CN7AP1DL921075,Aston Martin,Rapide,2010
b0217ce3-7eec-4931-9f0e-a119ac263f20,WAUHFAFL5AN911225,Pontiac,Firebird,1995
2bf035b1-2cf0-448d-9fdd-795690a8ef31,1D7RB1CP6BS709156,Toyota,Tacoma,1998
0287b217-ea37-469d-a5c9-8bff2de8a889,JTMHY7AJ2B4210378,Kia,Mohave/Borrego,2009
4c3b001d-e682-438e-a044-6de13be3144b,WAUAGAFD7DN371582,Ford,Escort,1994
5963cba3-65da-4bcb-91fe-d611ccac6ac9,WDCYC3HFXBX129677,Mercury,Sable,2002
c3c33241-69fe-43e2-88ae-1ae0a89f14a5,WBAFU7C55BD949986,Suzuki,Swift,2004
79d2fb08-3ece-41fe-a829-19e29abd6ee5,4JGBF2FE1BA840870,GMC,Envoy,1999
41eff98d-023e-452e-aaae-09bb721de917,3FA6P0LU4FR778496,Subaru,Impreza,2004
cb91f87d-9c8d-4d26-b12f-e431ec5bf9d3,WDDHF5GB9AA300157,Dodge,Shadow,1994
dc91a089-ad9b-412c-9412-7011c7843222,2C4RDGBG3FR487188,Buick,Park Avenue,1998
d7a1a3b3-6603-47d5-b1ea-2e12aa17a4a7,WA1LMAFE9BD737004,Nissan,Pathfinder,2006
4ac28de7-fc23-4b4a-83fc-77a645ec080c,WA1WMAFE7DD164748,Ford,Ranger,1998
b40d5b28-a9ec-48a2-93e4-8c28ed969c0d,1GYFC16249R539238,Mercedes-Benz,W201,1990
7984ea16-0216-4170-a735-440f2e55e47b,1GYS4HEF5CR581191,Nissan,Cube,2010
c4d0eaeb-64f2-40fb-a18c-85a508941869,19XFB2F57DE618643,Oldsmobile,Intrigue,2000
26f2465d-8af7-4b56-ace3-6eca3b0edd46,1G4PP5SK3F4915315,Chevrolet,Suburban 1500,1997
6cedaa95-eb5b-45c8-8da2-a793761d1749,JN8AZ1MU2AW217419,Mitsubishi,Galant,1985
1b75647e-7840-486b-b4b6-ef9b7392094b,1G4HR57YX7U746715,Mercedes-Benz,C-Class,2009
6374acac-b820-4bf3-a9f6-526a555deb01,3GYFK66N65G184996,Audi,100,1992
0c8aa0a0-b6cb-4ca3-8d04-f532f7943bfb,1G6AT5S30F0094800,Dodge,Intrepid,2003
c34bdb9f-29d9-4048-83e1-aa0b42267b5a,1D7RB1CP0AS458567,Kia,Borrego,2009
1ca10af3-4520-4d51-8efb-5ad9b2219dd2,3D73M4HLXAG619201,Volvo,S80,2010
f86c533b-a666-420d-a9d7-89d7c7e34353,2G4GU5GX9E9068485,Lotus,Esprit,2002
70afb3df-57f5-4bce-83ec-6337c1b43d40,WBABV13494J972983,Mazda,MX-5,1992
38a30e36-201e-41e6-aba1-84a0c2cb92d8,1FMCU0F70DU696341,Hyundai,Tucson,2010
78caa7a0-8dce-4a5a-984d-d97dbe283207,JM1CR2W3XA0583405,Suzuki,Daewoo Lacetti,2006
6bd2c4b7-6db7-4204-bbe8-66256cf13a8d,JN8AF5MV0FT419418,MINI,Cooper,2006
35c1f502-a23e-49eb-a965-ac4d8108527c,WP1AA2A2XBL622180,Jeep,Comanche,1992
c1f0736a-20eb-46fc-94d6-df8859f15d00,1G4GB5ER0CF712292,Ford,Bronco,1987
e5dc880f-768e-4228-8f80-15ef78ec6a23,KNAFU6A24C5467766,Toyota,Camry Hybrid,2011
bf626870-073e-4128-bf50-0f68e62e95e5,1D7RV1GP4BS060975,Chevrolet,S10,1999
d542f096-579f-4b7e-883a-befd4a7383ef,JM1DE1KY0D0703678,Chevrolet,Suburban 1500,2004
40ee4f3e-c21a-4a83-8bcb-e4e2e8170002,WAUPEAFM8DA886744,Buick,Lucerne,2008
3a8ac25a-b661-404d-b6e6-71f7b4605615,5GADX33L96D406107,Jeep,Commander,2010
9d1c3083-3d19-4f91-8b25-8331be4bfd8c,WAUWG74F19N177571,Chrysler,Town & Country,1999
5c7327c6-2e41-4cff-986f-fbe9e0ead54a,JM1NC2JF7D0904459,Cadillac,Escalade ESV,2005
82709260-473b-4439-945c-2ca4eb84a916,5N1CL0MM9EC360550,Mercury,Sable,2000
788ade20-8bea-4219-b1d4-32971f65cefc,3MZBM1U75EM997573,Ford,Taurus,1995
9dc2bcbe-2bc5-4cd9-a7df-9e2e15156c91,JH4NA12604T887466,Mercedes-Benz,SLK-Class,2012
33d884ea-be41-498a-a279-3d748ede3fda,1GYS3KEF5DR904205,Volkswagen,Rabbit,2007
a08ba1d8-5ad8-4350-b48d-ac0bcb3b963b,WBAFR9C56DC658127,Ford,Econoline E250,1993
3e746de2-5e8a-4db5-aee5-2f1460006bc5,1G6KD54Y51U714889,Ford,F250,2010
e4884f79-c26d-4287-9a1b-c3fc8845f524,1FMEU5BE9AU456579,Audi,Allroad,2005
668f4b7b-8a99-45ba-87bd-729c3035e9ff,WBAPH775X9N247203,Chevrolet,TrailBlazer,2006
62e540b3-1e35-4311-8c6d-e49d7915d141,KMHDB8AE4CU488849,Dodge,Caravan,1997
42634947-1cd3-4689-a955-a5e5c06182c0,KNDJT2A58D7304398,Nissan,Altima,2000
86ed5cd9-a3f6-4da1-80be-240ce2989760,5LMJJ2J54EE052368,Pontiac,Grand Prix,1973
c0b8018a-f8af-43fd-aac3-2553104bfb18,3GYT4MEF5CG659255,Lotus,Elan,1992
2aac33c6-3d92-4d2a-82c2-6945c43bda2a,1G6DJ5ED5B0366694,Jaguar,S-Type,2000
880a13f1-2eb3-46b4-bd2a-2f40f6aaa368,WAUHGBFC7DN285992,Subaru,Impreza,2003
7ac83bc1-dfbd-4cbd-80f0-12570780b86c,WAUJFAFH2BN325550,Chevrolet,Suburban 1500,2012
726e85ac-1ba5-4c1f-8424-c7a85239f5cf,YV126MEC0F1597536,Lamborghini,Murci√©lago,2002
6a64352b-4123-4537-a834-764979f4ce38,WP1AA2AP3AL192471,Ford,Mustang,1990
885b99bb-56ed-474e-8f81-e6a448129b2e,WAUEF78EX7A865606,Dodge,Viper,2009
5a6ca1e7-c992-4459-bc3d-160fa43f211b,1G4HP52K13U612257,Volkswagen,Jetta,1994
202a388d-e972-43b2-802b-c0c5ecc95093,WBAKF9C59DE372882,Volvo,S60,2004
f4e8f081-7f84-43b9-9701-067be46617d3,KNALW4D46F6942489,Chevrolet,Suburban 1500,2005
8b4d35ed-f404-4130-9e5b-96a8a975b2a0,3C4PDCEG7DT470920,Ford,GT500,2007
5003035b-9385-441c-b39c-6cbba1d9d84b,WAUDGBFL1DA399184,Ford,F150,2000
e9df04cf-2a66-4bb7-9afa-40115019e0a6,SALCP2BG4FH844074,Dodge,Ram Wagon B350,1993
03441e5b-70c5-4beb-96a9-a2bd696439c2,SCBDC47L88C707876,Mitsubishi,Lancer,2007
c14b4d1a-be54-44a1-8492-750e1ecb9f84,JTDKN3DP1F3666889,Ford,Crown Victoria,1999
9a2716ad-360a-4c4f-b4c2-371fc9a113a0,1GYFK63848R792941,Dodge,Viper,1996
e49ef97c-31f7-4168-ae7e-817a026ced9c,SALVN2BG9EH151840,Audi,A8,2010
7c77f798-1dfd-44dd-a9a1-40360f02978d,3N1CE2CP3FL097860,Ford,Flex,2012
3866fbc8-efc8-442a-ae0c-1f82a77e2251,JHMZE2H3XDS059701,Aston Martin,DBS,2009
d6b89176-11ad-4045-baa6-f72739ffd5cd,5TDDK3DC2BS601217,Saab,9000,1989
e2492135-b2e6-4ece-9dc7-e899ac286453,1ZVBP8AM9D5172098,Ford,GT500,2007
71608368-26d9-4ea0-a239-e86795ac1979,KNAFU5A28D5829626,Honda,CR-V,2004
8229ee7f-1a3d-446b-ad36-7484deecdd3d,1D7RV1CT4BS114469,Honda,Prelude,1993
1800a726-bf97-4298-8fc4-78b02d492264,1G6DG5E52D0997042,Volkswagen,Eos,2008
5b4550cf-45f5-46a5-8835-0b80be318406,5GADT13S252392746,Mazda,Protege,2002
adc2c07e-deb6-4634-b7ff-5eb2086e964c,1FMJU1J50AE779504,Volkswagen,GTI,1989
7a5817d5-1f25-4d64-ade6-d51461353bf8,1G4HD57296U096669,Mercury,Monterey,2004
9a5a529f-301f-4b1c-ba08-d2a93e86390e,1G6DA1E39E0165238,Mercury,Mystique,1997
203ac9d2-c27e-424b-ab5b-1a4d70528f29,19UUA86219A415245,Ford,Bronco,1988
ef0d17d5-1f27-4844-aa5b-66fc8ab12b0e,1G6DJ5E37D0609688,Chevrolet,Tahoe,1995
8994579c-61a5-46a8-a56f-83349e452181,5GALRBED7AJ409510,Volkswagen,New Beetle,2010
00a7bf2f-3ca3-4d82-bd6a-11f43a34cf1b,WAULFAFH3EN294936,Chevrolet,Sportvan G10,1992
43866531-945e-4bbd-aeb6-ad25dc3f90ad,2G4GP5EX9F9640778,Mercury,Sable,1990
3eaf8907-a151-4652-80ec-b39bb9af440f,WAUVC68E42A845332,Pontiac,Montana,2006
e7550328-d295-469c-9aa9-683274269283,1D7RB1CT3BS393454,Chevrolet,Blazer,2004
60791480-7fc4-44c7-b910-5b89dd85f7ab,WAUBF78EX8A737077,Mazda,RX-8,2005
d5104a61-aa93-4daf-9a34-a50bde126a77,KMHFG4JG0EA573048,Mazda,Protege,2003
0e9c1186-97a5-4429-ab54-8a1faba450d3,1FTEW1E80AK812202,Dodge,Ram Van B350,1993
d4c0fbe9-cce3-4310-8f1e-1e74554a4051,1FTEW1CW6AK059213,Volkswagen,Passat,1986
09d736b0-da8a-4a9b-854f-22a746d3e8d5,1GD02ZCG7EF506545,Mercedes-Benz,CLK-Class,2000
0330a6c2-6f37-4860-b695-eb364c3fecc2,JN1AZ4EH4CM119699,Isuzu,Hombre,1997
1ddf6677-5c95-4ecf-b8df-649ba4c53978,WAULL44EX6N253319,Infiniti,QX,2006
4110956e-4ad5-440d-aaf6-4a8e565fe965,5UXKR0C53F0773851,Ford,Freestyle,2007
ed6ecc94-d95c-4413-a72f-521ef70d22fc,3VW117AU0FM672638,Kia,Sorento,2009
66ca2436-2309-43c2-9076-e410259d1d52,2G4GU5GX7E9845584,Mercedes-Benz,300SE,1992
853e8293-eb34-4a26-9bfc-993a3af554b9,1FTWX3A50AE139838,Infiniti,J,1993
d21d6463-61d1-4927-8df7-5cb0f8dc851f,WBABN33452P407409,Porsche,Boxster,2004
68f3b983-9f8a-4599-8277-890a11c3ded3,1GYS4GEF4DR479960,Suzuki,Grand Vitara,2009
73bf6f16-dfe3-4e8c-ad32-31af63ba67fe,19UUA66214A874630,Ford,Escape,2000
766d2564-7514-49d9-9ad6-ee4b1fdb27b4,1G6AG1RX4F0839103,Pontiac,1000,1984
b040c794-9ed4-41bb-8269-6144957b8dd1,WAUKF98E55A592232,Buick,LeSabre,2003
33dae3d0-5acc-4cba-b46e-c467b08bdceb,WAULVBFRXCA478874,Mitsubishi,Lancer,2002
a58c0920-c5c9-458e-a3df-ce97859798f3,1B3CC5FB8AN316746,Mercury,Sable,1987
5e0cdaa2-1b05-4e3d-acd9-d8e9dce8eb6b,JN1AZ4EH3CM210513,Chrysler,Fifth Ave,1993
182331f1-cb73-4c2b-a614-cb86a6ee0f4d,WAUHGAFC0CN073492,Oldsmobile,Silhouette,1997
d18abf38-5867-480f-b4ad-c00e09382669,WAUXL68E55A291036,Mazda,Mazda3,2007
5722a121-7853-466d-9f6c-450e43cfd57b,JN1BY1AP4DM807660,Acura,RL,2002
cfa571a0-eaad-46d1-bf95-c60555ec0050,WUAYU48H58K753194,Jaguar,XJ Series,1998
ffc5ef8c-aad0-4c70-bca2-6f5dada460af,5GAKRAKD3FJ272681,Mercedes-Benz,R-Class,2008
aaf8bc03-a3bf-48e2-94bb-8177ffaeb60a,1NXBU4EE2AZ658031,Chevrolet,Silverado,2006
662cd0c1-242a-409a-9ca6-e74b323a215e,JTDKN3DU5F0821841,Hyundai,Accent,2011
82291a61-326c-48d0-a778-7626556f34a3,1FMJK1H51DE060391,Pontiac,Tempest,1961
2680d32c-f8e7-47f4-872f-14458f59fc6e,JTHFF2C20F2656552,Pontiac,Bonneville,1999
70b15a3a-86fd-40ff-9ff7-4fed329f62f2,WAUDF98EX8A816558,Oldsmobile,Achieva,1992
e12c0ed5-2619-43f2-b451-3da935a32186,3G5DB03EX2S084057,Mercedes-Benz,SLR McLaren,2005
9a108476-993f-403b-a759-eced223467d3,1GYEK63N33R845784,Lincoln,Continental Mark VII,1985
13b5cbf4-02f7-4f43-a7a7-87357d512f1e,YV1672MK3D2148886,Kia,Spectra,2009
59dee4e0-ed34-4cc1-b0a2-d9f8e05f9a5b,3GYT4LEF7BG565130,BMW,600,1957
7e4f090a-ee11-46c7-b5f8-0849527d5200,1GYS4DEF2BR398743,Volvo,V70,2001
add84c23-f387-4031-a49a-6782185ca225,1GYS3AKJ2FR468225,Kia,Optima,2009
2d35bdf0-3126-4e21-8c2c-47bfce701464,WBAPK5C59BF350589,Chrysler,PT Cruiser,2004
39731190-2170-4f72-a4d4-42646963efa1,19UUB2F5XFA013708,Mercury,Sable,1999
0f0ddb5a-6f6a-4acf-8e24-8fbe074dac7e,1ZVBP8JZXD5792888,Subaru,SVX,1992
e375f52d-3c0a-432e-83b7-1b0bdbde4ea6,WBAEJ13472A098199,Audi,S5,2009
967844a3-4e98-4468-bcf3-6bf2a5739610,JHMZF1D44CS881902,Mitsubishi,Eclipse,2003
526fdd6a-4e50-4a2c-ba6b-82db6bdc6dc2,3N1CN7AP0FL222667,Buick,Roadmaster,1994
0d6f1762-042a-4426-bcab-d55ca2fabdb5,JTHFE2C22C2604631,Volvo,S40,2006
8bfeace2-e34d-44c0-ac77-45f8ac0f6ba9,WA1DGAFP0DA985563,Land Rover,Discovery,1994
8b6a0b2a-00f1-4192-b79d-e71dd0e95c05,WBAKN9C54FD495338,Acura,NSX,2000
101a8153-55ce-4824-b30c-d1ea8bbdb677,JH4KB16618C336575,Mitsubishi,Expo,1993
ca50b087-fa82-4b58-8d8e-8f7829b9c174,5N1AR2MMXEC590566,Dodge,Viper,1995
c53e19d9-ad39-436c-9b29-c86918fa6ad5,KNADM4A37D6368231,Audi,A5,2010
6df9365b-4084-47e4-b6c7-c37d9649c661,1N4AB7AP3EN669818,Lexus,LX,1996
2b766471-0e71-49fc-8124-49bd9c3312eb,WAUEH74F58N330945,Ford,Festiva,1993
0ad619d7-3afa-4de6-a882-3b9ddc9943d4,2G4WD582091979131,Ford,Econoline E250,1993
4075e54c-8503-4b82-847f-ab45d7b26709,WAUVFAFH4AN974024,Oldsmobile,98,1993
e4615661-1762-4a41-ab34-17fd1e68fa21,1C3CDFDH6ED232059,Dodge,Ram 1500 Club,1998
7c571512-b365-4bf1-b52e-4d1016582beb,4F2CY0C7XBK173708,Chevrolet,Suburban 2500,1998
4a81883b-17f6-4749-8579-7b33c0f1f28f,JM1NC2EF9A0113808,Ford,Ranger,1999
87a1ddc6-22dd-4e31-9432-508ffd6f7bd6,WBAPN7C56BA351277,Mercury,Topaz,1986
8aae3440-fcca-4adf-a9ae-b18f0e897f45,WBAVB33586K881212,GMC,Sierra 2500,2002
08888d02-11e0-40ae-b2c3-ee71fc49262b,5TDDK3DC3DS987665,Rolls-Royce,Ghost,2012
18f337ee-2ab1-455a-888f-a80b70803868,WAUAFAFL3DA312403,GMC,2500 Club Coupe,1994
8dabf583-ef65-4396-801c-7dd591971115,SCFFDABE9AG485245,Pontiac,Bonneville,1965
f4519d1c-6c9d-420d-bab0-21bc20e2c12c,1G6DS1EDXB0191414,Chevrolet,Metro,2000
df1d062d-7730-49ab-8ec7-a242b1888eff,TRUWT28N631977029,Toyota,Camry Hybrid,2007
b59fcb6a-c8f8-490c-af92-69e236e62416,WBAVM1C58EV588695,Dodge,Ram 1500,1994
ab5788d7-2ad2-4865-9dcd-f935645db4a2,2G61M5S33F9609906,Chrysler,PT Cruiser,2010
2afc65ff-4ae2-4037-aaf9-11c00f16ae87,5BZAF0AA3EN726343,Chevrolet,Avalanche,2009
8c3f5c4c-ed5f-47ba-894f-bcbcf7f6f557,3VW467ATXDM547715,Cadillac,Escalade ESV,2008
08134ee9-985f-4d65-99f5-129c304cbe6d,WBAPH73599A270419,Scion,tC,2013
41da2f07-6d6a-4886-8b89-3c83e895e2ab,WAUAH78E76A292848,Jaguar,S-Type,2002
208d1701-0d52-4abf-a517-531b38cdbbdb,3N1CE2CP1FL347869,Audi,A5,2010
da248710-662b-4e08-aeff-49fe4686ff17,YV4612HM3F1806313,Lincoln,LS,2000
8736576c-69a9-4886-b1fd-c4617b77a60f,2T1KE4EE7DC744986,Buick,Terraza,2006
42e6243a-83fa-477e-941e-19afac29c6c2,SAJWA4GB7EL834831,Ford,Aerostar,1988
655ca4f4-91ba-4692-bf2d-e35c8a2f3ac4,WBAKP9C57FD215339,Pontiac,Aztek,2005
b5db659d-98c0-4898-bc73-3e87fec2f5f6,1D7RV1GT7AS918497,Audi,riolet,1997
cf99d949-2b87-4d99-848f-a6bc95b4de4e,JH4DC23151S450711,Toyota,Prius v,2012
75d7bf66-8a40-4621-b876-dded7146554f,JH4CU4F44CC611346,Mercedes-Benz,C-Class,2012
1796fc7f-611f-41d3-89a3-bc2d0845117c,WAU2GAFCXCN435589,Saab,9-3,2007
b176eea2-af4d-4517-94bb-4a3d8ff93093,WAUGFAFR9EA544519,Ford,Courier,1987
93926a7a-f8f3-4e72-a5d7-9a882ebef84b,WDDGF4HB2CR165838,Audi,200,1989
e29e485a-c895-4f6a-8352-89715cce99ed,1FTWW3B59AE077468,Land Rover,Discovery,2006
5469ec30-1851-4678-ba16-6dcb4d535663,JTJBM7FX4C5107583,Ford,Mustang,1964
f405a937-05b6-409e-ac13-1c8666bf4580,5XYZG3ABXBG942641,Volkswagen,Golf,2003
3879e3c3-ddcf-459a-87b8-ff9862b3a52d,JTJHY7AX8D4875595,Jeep,Wrangler,2009
7c7bf201-f98e-4110-a4d0-940be2c4901d,1G6DJ1E30C0290190,Hyundai,Tiburon,1998
62e62fe3-2d9d-45c6-aafb-35c43d465067,WAUVT58E04A580258,Subaru,Impreza,2008
9bbfbc6a-8f29-4657-a54c-3d2b9d5528b2,SALCP2BG6FH051293,Mazda,Miata MX-5,1996
0a110253-307c-4263-b343-19a914cdb22d,JN8AE2KP2E9106937,Aston Martin,Vantage,2010
5e20f5d3-d334-4a4a-8874-297212730e7b,YV426MDA1F2568981,Mercury,Montego,2005
3cb8f7a3-c99b-42d1-aa7f-7debf3af94fb,WDBWK5EA3AF911715,BMW,530,2005
f27747bd-fd44-445e-a83d-cbf21f15b238,1G6AB5SAXD0008147,Chevrolet,Impala,2009
d4f53b2e-ccdb-494c-8207-5e382ac8e0f1,1FTSW3A5XAE045239,Volkswagen,Cabriolet,1988
b6e94ad2-97d9-4b87-8c8a-e20861df09eb,KM8JT3AB5DU408033,Hyundai,Entourage,2008
5c41e3ce-9f5f-4b05-8e79-73519dda9210,JTDKN3DUXA0338483,Mercedes-Benz,Sprinter,2010
b6d80726-1a4f-45c4-8361-be11ca1b2eed,1HGCP2E4XAA446315,Dodge,Ram 3500,2005
e4d1a21b-447c-4632-8e09-1167d41d0270,5YMGY0C51AL324452,Nissan,JUKE,2012
535fe893-1fd5-4acc-b736-dd24564bc34f,JN8AZ2NC2C9782590,Chevrolet,Volt,2012
23b40886-3cc9-42de-996b-7dbb855709d9,WAUBFAFL8DA635169,Oldsmobile,Aurora,1995
6c9a3ace-d2f7-4c51-954f-9ff3007c2202,1N6AA0CJ1EN231731,Ford,Excursion,2002
5559ae8d-c3fb-4eed-8932-c1a40c9b6a11,2C4RDGCG2ER204132,Hyundai,Elantra,1998
efeee018-3012-4280-add5-3892ac9f6a36,WAUJF98K29N589353,Audi,A8,2002
8834b2c3-4f1c-4c7e-9314-2f1b8feab890,WAUDFAFL4FN943797,Saab,900,1997
eb0775c1-4177-4b86-84c0-2a65c5e0336f,WBAGL835X4D900878,GMC,Acadia,2008
428a33e0-f5c1-423d-8899-d4dc5de63908,5TFBW5F11DX957528,Volvo,940,1994
00387415-e390-417d-82f8-2405e26a8b78,1G6DK5E34D0578302,Mercury,Topaz,1991
7eff95ee-4b8e-4e99-964f-03c1bc79594c,19UUA66246A368874,Dodge,Stealth,1994
bc9ff2c4-8f1e-4394-8e56-ea4e48f820ef,1G6AP5SX7E0475324,Buick,LeSabre,1996
3246354a-338a-4b24-8e46-d708dbf84f82,2HNYD18774H924249,Dodge,Durango,2004
f16f5de9-9066-466d-a496-ebe140e1adf7,WBAUP9C52BV689986,GMC,Yukon XL 2500,2000
bcf00a14-0412-4edc-bdeb-a726f18242f3,1D7RV1GT8AS426741,Chevrolet,Cavalier,2000
6044d992-ffab-4428-8e21-de3188ee7239,JTDKN3DP0C3286289,Honda,Insight,2005
52151773-223c-4aed-a8df-05bdf415601d,WDDHF2EB4BA288602,Pontiac,Firefly,1989
9d5ef9cd-b500-4705-93c4-53451937c7c8,5N1CR2MN6EC460172,Acura,RDX,2012
dfbb0413-5dca-4b94-b658-81ada4b7e637,1FMJK1G5XAE856537,Chevrolet,Corvette,2010
8ba90f40-5de1-4963-8bcf-a8469326006c,JM1GJ1T58E1235157,Suzuki,Cultus,1985
e0adb527-3ade-44b8-b533-46021a522d05,WAUBH74F48N182340,Bentley,Continental Flying Spur,2011
3c6d784c-88a3-4729-9ae6-47bbe5abbe43,SAJWA6FC2E8028727,Hyundai,Tucson,2007
eceefcde-4bf8-4d52-bb83-a2143b984163,3N1CN7AP2EL311672,Toyota,Sienna,2001
18106940-2540-4c0d-bd2f-4112baa6646f,WBAAV53401F406258,Volkswagen,New Beetle,1998
bdf6e2e4-24fd-4e92-be22-3b08c249fbe5,3C4PDDDG9FT325100,Jeep,Liberty,2010
f2b351bf-d7ef-4820-8e25-06121c132ee8,1G6AA5RX4D0873029,Ford,Econoline E150,2002
847d62cf-f32f-4788-abc7-b0cb5bbd6276,1GYFC16239R927920,Cadillac,Escalade EXT,2006
194f82e9-2290-4ed9-9c0a-a9e330dffb0c,1N6AA0EC0DN425762,Volkswagen,Scirocco,1988
bc4d45f9-eb21-444d-b108-245382569114,5TFBM5F11AX518072,Volkswagen,Phaeton,2006
860e9c48-c498-4cd2-a66d-f2b9fb6531dd,SCFFDAAE5CG556283,Aston Martin,DB9,2005
fcc8a384-d0da-4b74-a0ab-3fb5dfb902e6,JA32U1FU9AU408549,Mitsubishi,Tredia,1986
0d7525f2-cbf6-4572-9ecd-a714d4cbce2b,3G5DA03E55S193940,Buick,Riviera,1993
ab6dccd8-f01c-4bc1-b189-b6b91a59c7bf,WAUEFAFL0FA386642,Mercedes-Benz,CL-Class,2005
a81c673e-d277-4c54-834e-176671972444,1ZVBP8AM8D5679204,Isuzu,VehiCROSS,2000
47faa5a0-e4c8-4c6a-8987-fd43f3234819,1GYUCAEF4AR707007,Ford,E250,2011
ea6aaf78-0f73-4d91-a06c-766c9967cf60,1G6KD57Y19U638028,Oldsmobile,Cutlass Supreme,1994
2602b911-da5c-4726-8c70-dd09ac01a83b,5TDBKRFH4ES660244,Lexus,GX,2003
dcf9527b-4170-451e-86f0-18687d143009,3FADP4AJ6FM321967,Pontiac,LeMans,1968
287f5f05-893a-47a5-9abc-e74d32a3f1f2,WBAHN83597D019091,Toyota,Echo,2001
5d3aa1f4-72e6-409e-9d3e-7136840da9c3,WAUDF98EX5A691587,Land Rover,Range Rover,1999
b66aee2e-e721-4438-8160-5913bdb9a75f,1G6EC12982B249428,Isuzu,i-370,2008
a0ce405f-007f-4e3c-a4e5-86837780814c,WDDHF0EBXEB395480,Chevrolet,Express 2500,2003
048ab224-0a3b-402e-ba1b-aca02b2a5d1e,3C63DRAL1CG632205,Mercedes-Benz,SLS AMG,2011
ceb12998-6945-4826-b589-8dece5c74be2,1N6AA0ED1FN643415,Audi,S8,2007
7beb0a83-782a-4b32-bb76-2a4a8f2952a4,JTHBK1GG6D2222417,Chevrolet,1500,1994
8e1aece7-7bd9-466d-9391-af0ab51cc5de,YV1902AH5C1749747,Ford,Taurus,1999
c61568cd-f65f-40a5-a0b6-4d6aa0ae7251,WBAWL73539P732397,Dodge,Ram Van 1500,1996
0fde9190-c018-4ce5-8aab-dbe14d8df3af,WBAKP9C56ED839776,Audi,A8,2004
dd303d5a-e853-486a-8da5-3a32d481d3c9,19UYA41653A124212,Chevrolet,3500,1994
cb0665dc-659e-4901-9897-84780d7e2055,1FTSW2A59AE805297,Ford,LTD Crown Victoria,1985
f47ec0a3-10c9-434f-94c8-6d4ae50731dc,WA1DMAFP6EA480394,Aston Martin,V8 Vantage,2012
fbe6e788-6754-4410-9c10-20c70bbd17e6,5XXGM4A73CG422983,Nissan,Armada,2010
65a49283-7384-4845-88bf-6f7b0be65dac,1FTEX1CM9BK379476,Land Rover,Range Rover Sport,2008
74fe9d33-6ad3-4599-a8ba-34716c01f794,WDDJK7DA0DF538409,BMW,3 Series,2004
50979e99-766d-44df-ab59-3c87ff70d158,5TDDK3DC7FS726140,Volkswagen,Touareg,2011
2447234d-aa98-43c5-8b1c-9f9b8ace0c3c,2T1BURHE6FC790453,Infiniti,G35,2006
f68f46a4-7c97-4455-9038-85a787627c03,WBA6B4C54ED879485,Subaru,Impreza,1997
193dc7e8-be9b-496f-9e17-96f50a38aedd,4A31K3DT0AE320926,Chevrolet,G-Series G30,1995
b8c63728-6011-4784-a099-0fa1f8ac3cc0,WBADW3C58CE134218,Mercury,Grand Marquis,1997
a47d1e82-8712-48e4-ab3f-2705b3225ac4,WBAPH5C54BA318189,Volvo,C70,2012
691b60b6-f74c-4051-ba19-c8f8612a59c3,WAURFAFR2AA972452,Chevrolet,G-Series 3500,1998
c3823eb8-c24f-4655-92ff-397866090782,3GYFNDE33FS734634,Suzuki,Grand Vitara,2012
45028afc-0e6b-4418-a327-949ec57d5473,WAUEFBFL4BN557112,Buick,Skyhawk,1985
55cabebf-6766-4559-8ef2-a06371ce6ef8,1C3BCBEB4CN389498,Porsche,914,1970
cc4467f0-3c2d-4e6b-9c6c-ce2cb34209f1,1FTSW3B51AE550584,Audi,Q7,2011
598dc890-777c-4e59-985d-2b0575c962d7,1C3CDZABXDN602536,Chevrolet,Suburban 1500,2007
5ee4ae10-953c-4546-aa57-d7e27853c8f6,WBABN53442P226796,Toyota,Sienna,2008
5f5bb90e-678f-4fc3-a47f-a7f29340187e,2C3CDXBG7CH329660,GMC,Yukon XL 2500,2005
5bc4b589-e967-430c-b90c-30953a99091d,WBABD534X5P516418,Nissan,Quest,2006
c9b0431c-d0e4-4003-b76c-2f268659ddec,ML32A3HJXFH124889,Ford,Freestar,2007
54773e2b-689e-415c-bde4-5f4f4b364d39,KL4CJHSB4FB048583,GMC,2500 Club Coupe,1995
dff32618-2423-459b-b376-e24bdf41111a,4A31K5DF7CE920111,Volkswagen,Eurovan,1999
57b39e6c-9e13-41b9-b68d-55539d0018a4,1GD11ZCG2DF687804,Suzuki,XL7,2006
37ac414d-5641-48b0-ad74-46364d5d0edf,1FTEW1CM6DF581240,Kia,Soul,2010
b2671b66-1ee9-4742-b97d-d01e9f7ece0e,1FADP5AU2EL108899,Oldsmobile,Intrigue,2002
4709822a-1806-48b3-a3bc-639bd5374eb0,5UXWX9C59F0349487,Ford,Escape,2001
24c3e9b1-b6c8-4f89-bb63-0c2058e07035,1N6AF0KX0EN632145,Dodge,Ram 1500,2006
e8cf1c38-c131-48b9-b4ff-62c40f4033f6,3LN6L2LU6FR230674,Ford,F450,2008
ad44964c-6539-4515-85e7-d40a9f2e10fd,WBANB53557C342134,Ford,Mustang,1995
29db60d4-29ca-415c-b373-5a9c3b46bbcf,WBAEK13517C362776,GMC,Sierra 1500,2000
dd29619c-9afb-4bf9-b961-235001a4075a,WA1LFBFP2BA347767,Ford,F150,2011
01f32882-46cc-45df-98fe-6ea41372767a,1HGCR2E55DA583542,Plymouth,Neon,1997
fa62ea9c-ab50-4618-aedd-cd7e14425600,JTDBT4K33CL421194,Subaru,Brat,1984
9962aaf6-9514-4197-905f-ba7de5d28107,WBAYE0C53DD281508,Saab,9-3,2006
6cf81aa3-99dc-4f72-a4a7-9c720e5f2be9,3C63DRGL5CG156984,Volkswagen,Jetta,2000
c4dc4d24-fd7d-4e9e-a324-630a2e6f5474,3D73Y4EL5AG391617,Dodge,Caravan,1996
cffc7bd2-7eff-4213-a837-6d90abb26643,1G6DP1E39C0942366,Pontiac,LeMans,1966
c96cb19a-de2b-4d3f-9e63-db86e0da1d36,YV126MFB6F1297618,Lexus,GS,1998
588af3c7-4a09-4b60-9047-34a02fde172c,WAUMFAFL9BN254073,Nissan,Frontier,1999
87a21151-3514-4db7-b1ec-c8a100076f9b,SCBZK22E02C584233,Honda,Accord,1992
6ac8d2e8-652a-4d3e-88b2-265b85e44b31,WAULC58E22A001548,Suzuki,Aerio,2007
7745809c-98fd-4657-b662-06b487b117c5,JH4CL95946C415294,Infiniti,G,1993
f9b60906-2c4b-4c5f-b887-5a97cf2098a5,2G4GR5GX7E9046695,Maserati,Coupe,2005
c34811b7-8916-4a89-949c-db98e7c4144f,2C3CCABG5EH055216,Ford,Thunderbird,1977
119871ef-2bcb-4a3a-9f2c-9393e05f559e,1FTEW1CM2DK887908,Ford,Aerostar,1997
452c2192-e2b7-4cf4-9a2b-f533d7c8e2fd,1FMCU4K39CK944722,GMC,Canyon,2010
4994dbe7-7ab6-4885-8bdc-49c88d7e1f60,1C3BC2EB8BN749628,BMW,760,2006
b8e94a7c-0d00-4f53-b520-4de11d9b3be5,1C4RDJDGXEC446123,Volvo,V40,2001
fd83f199-1f9a-4ab3-b92f-3139a4262602,WDDGF4HB3CR770497,BMW,325,2004
23c0e63a-ede5-48b4-a393-79e16a8b04ba,WBAKG7C50DE802798,Toyota,Sequoia,2004
7a4c3426-0d1d-42a0-88a6-d264412b73b2,1N4AA5AP8DC278021,GMC,Jimmy,1992
f5e3a25e-d726-494b-a2d7-0b20b0e8a22a,WBAWB33549P060992,Honda,Civic Si,2005
254ca6a9-283e-42cd-89e5-acf3a1a0f732,5UMDU93528L045836,GMC,Envoy XUV,2005
52e487f2-961f-48cf-a8b1-2e81cee282fc,WBA3T3C52EJ413680,Dodge,Ram Van B150,1992
ffdae757-ec54-4384-a7e6-e69f0d591372,3GYFNGE35FS337279,Pontiac,Grand Am,2004
d5192260-4330-4a6d-829f-2e1ba08fb1d9,SCBLC47J89C471211,Land Rover,Range Rover Evoque,2012
d4545a70-c8d3-4501-80be-e23ddcee7d45,19UUA9F77DA959761,Chevrolet,G-Series G10,1994
b42a799c-4328-4355-8bba-0fe766e1421a,1G4GF5G30EF518863,Mazda,626,1996
5d0b5c33-889c-4fe5-bbc9-f550e40905de,5TFBY5F16CX996902,Cadillac,Escalade,1999
2a1c7751-934d-4e2e-aa4c-454a1c72bc82,3D7TP2CT4AG967868,Plymouth,Breeze,1997
30a49228-e381-4e26-8b14-5979a2c8b30f,JH4KB16308C868034,Mitsubishi,L300,1990
59b0508d-2e3e-44d3-b61b-da86bbcb6c84,3VW4S7AT1EM204420,Ford,E-Series,2012
5864332e-6c47-419f-82e9-506fc1bba863,2G61P5S37F9451321,Acura,RL,2007
504e83ab-4c49-49b0-ae18-6eee0c031108,NM0KS9BN4CT935893,Mercedes-Benz,E-Class,1986
ec9440a1-2eed-4149-8696-b8e2b0f1bf8a,WAUNF68P86A600886,Pontiac,Bonneville,1993
2f554722-d4c1-46f2-aa0f-785d83fe5c0a,WA1CGAFP2EA050199,Infiniti,QX,2002
e8a6ca0b-66a2-4210-874a-5e0cf62e0d29,1G6AR5SX3F0101661,Aston Martin,V12 Vantage,2012
1a6841fb-570f-424d-a42e-53987956a44f,2C3CA9CT3AH128450,Ford,Windstar,1997
fb2ee07d-fcfd-46ce-9637-c6b9d13335d0,JN8CS1MU2FM704622,Buick,Lucerne,2010
a3b8269a-7c43-4488-bdf6-29903f5c081b,JM1NC2SFXF0852729,GMC,Savana 2500,2011
f3d9e934-8126-4a26-9999-c2d173e22751,2C3CA4CD4AH766170,Porsche,911,1990
9177d128-aa7d-4c8d-8946-98b88048abac,1G6DA8EG8A0656731,Mercury,Sable,1997
454623fd-59f6-49f2-837a-34ca93de1315,1G6DU6EV0A0341349,Ford,F-Series,1994
602b5697-2f7f-4057-bfd4-4ed1e2ee8f17,5GAKRAED7BJ913448,Mercury,Tracer,1991
4ba083c4-a5e6-431f-aa07-2adbc5db41c6,5FRYD3H67GB072812,Scion,xB,2008
b81b41d9-7ee1-4070-ab96-97d47f3fa0f2,3N1AB6AP6CL226129,Volkswagen,Golf III,1994
c4f547eb-a0cc-4faf-9df5-938d0bab90c7,WBAYA8C57DD877831,Audi,A6,2011
d5997029-446a-4967-94e2-302182f8b24d,1FT7W2A64EE291332,Ford,Bronco,1984
7cab53f6-a886-425b-91a2-a481c1f0120c,KNDPB3A20D7236218,Infiniti,G,2006
762dfd8d-e12a-469b-a68b-c54e35948ab7,2C4JRGAG1DR586136,Toyota,Celica,1976
ab7bbdb4-1dad-40d5-be3e-ab0ae58e8fc6,1FADP5CU9EL755099,Mercedes-Benz,CL-Class,2009
bb3dfb57-49a3-4fb1-a8f6-15e2fd8e7a16,3VW1K7AJ3FM185291,GMC,Savana 1500,2008
aaec0506-5f86-43be-b2cc-33d1cc539d44,KMHHU6KJ5FU351533,Geo,Tracker,1993
b05ccb0d-f593-46ad-8b1f-9fc078b2890f,1G6AL5S3XE0106255,Acura,ZDX,2011
c0a1702e-4e53-49c8-9ec9-8d8f73faa99d,WAUGFAFC2FN846269,Mitsubishi,Pajero,1998
37ee3091-a10a-4f43-8139-28265d254699,WAUMF98K19A751574,Mitsubishi,Truck,1995
892e533a-61d6-4e1f-a790-657a2e64853d,JTEBU4BF9CK105548,Chrysler,Imperial,1926
bf17d42b-d874-45c9-ab83-1c2237c3f738,JM1DE1HY1B0305691,BMW,Z4,2003
9c883a02-12d6-440d-a48c-4c2364b2a548,SALGS2DF2DA616259,Bentley,Continental GTC,2012
cc613ff5-00a6-4a33-b636-5c0dc5cb0cb8,1FMCU5K37AK954815,Volvo,XC70,2009
b304d285-7f36-4d87-a36b-976cca892012,WBAEW53435P929062,Nissan,Versa,2009
5f116bca-d871-4d1a-9bfb-314e4d64844a,3D7TT2CT8AG108908,Toyota,4Runner,1993
4d181f5c-68d6-4c5c-a9b4-38bf230aa920,WBA3B3C55DJ432936,Audi,A8,2000
69f6a093-cc81-43f1-959f-4b9aa3ee069f,WAUAF98E45A101659,Cadillac,DeVille,2004
905e24e2-e393-4afa-8057-8720b2768332,WBAPM5C58BA539662,Mazda,Miata MX-5,1995
06263c22-4530-46fd-af4b-d582ed9018a8,WBA4A5C51FG704093,Pontiac,Firebird Formula,1999
d1dfc40a-7bc9-4553-92d4-8e0a5faaf43d,1FTEW1C85FK203715,Buick,Regal,1990
ea77b7bd-d37a-4caa-8739-7e56e58bd5c1,1G6EL12Y71B601517,Chevrolet,Tahoe,2008
9a85dad8-8efb-4d39-8cf9-9f8965dcf031,3N1CN7AP8FL534218,GMC,3500 Club Coupe,1993
69d0bb6d-f24c-489a-925f-ad8746ab4614,19VDE1F35DE183010,Mitsubishi,Montero,1992
cbbe7281-bc04-4cd3-985b-12c088967801,1FTSW2A53AE020743,Ford,Econoline E250,1994
45c9dab2-d0f0-4f45-89ab-81cd369f347b,WAUDL54F15N660303,Spyker,C8 Spyder,2004
4ca1dd0b-26eb-4896-b6f4-09fafa059785,NM0KS9BN6AT700327,Toyota,Prius c,2012
0d810800-373f-4d50-abb7-00e5ce532a05,1D7RE5GKXAS648891,Toyota,Sequoia,2004
fc44d315-09e8-4e8c-90c2-4a8681bf446a,JH4DB76541S579165,Mitsubishi,Eclipse,1996
8e92be29-3ce6-45b9-8c16-96d6f8bbf6c4,2T1KE4EEXCC836401,Ram,C/V,2012
3ec53aa1-6699-49e3-9a7f-37e0bf0671a5,4A4AP3AU2DE264163,Volkswagen,Eos,2008
f5e572f5-e18f-4471-8000-b533af93fa05,WBAPM77579N850105,Jeep,Liberty,2010
d218fc78-e593-4798-862f-e3897c812b88,3VW217AU0FM196329,Pontiac,Grand Am,2004
3413480e-8712-4dbb-ae31-830f11bf6afb,1FTSW2B53AE815256,Pontiac,Firebird,1999
eceadee7-2680-49b2-8570-55f49304b9db,WAU2GBFC3DN146240,Volvo,C70,2006
623cbfbd-ff51-4c6b-8587-d9cfd9b262ff,5N1AA0NC5DN795586,Toyota,Celica,1984
fa221a79-b971-4f8c-ae3b-d4483751cf97,WAUNF78P37A399793,Mercedes-Benz,R-Class,2012
8461a406-1621-4e63-a85f-20bae75b4199,WBSWD93579P943722,Buick,LeSabre,1989
acefd005-2714-468d-947c-401148c2429b,2C3CCAAG8DH450846,Toyota,Highlander,2007
0a27f16b-c7cb-4232-86d8-9502d4335322,2C3CK3CVXAH003134,BMW,Z4,2008
72047db4-fe3d-4ec9-9fe1-773fdad8f683,5UMDU93447L163215,Maserati,GranSport,2006
ca3c4674-9544-4b01-966b-46d16626a957,5GAKVCKD4EJ892249,Plymouth,Colt,1992
7487f1f1-e1f7-4b88-98e3-d372c6e5a249,3D73M4CL8BG594453,Mazda,929,1987
18c96654-2b8a-4f0b-a433-ae2f8ffafe72,KNAFT4A29D5911491,Saturn,L-Series,2001
0786a446-29f8-4036-b931-6c2c00c59ac8,1G6AB5R30E0051114,Chevrolet,Traverse,2012
46b2b484-7df7-4ff5-bb20-a0ff3bfdaf61,WBANF335X7B962623,Cadillac,Seville,2000
2a1d6c5a-67b3-4847-b4a6-f3aee8f95677,WBAUP9C54AV449837,Pontiac,GTO,1973
0c46aa41-e7af-4528-9334-73b4b946553d,WAUDG94F45N663207,Lexus,LX,2002
7a4f42e9-90fe-47c2-b263-cccfc793b518,SCBBR53W16C533853,Chevrolet,Silverado 1500,2010
162b17cd-7246-4200-9eb6-b5d5f91dfd7e,5N1AN0NW0FN655978,Toyota,RAV4,2003
c409064d-311c-44b9-84b2-2155097e259b,1G6AH5R32E0205871,Mercury,Grand Marquis,1999
2679a6fa-b156-49a9-8c0a-51e6819e8fe7,WAUNE78P08A602093,Pontiac,Grand Prix,1973
d6b14053-9855-49c1-bb35-77143ef6b177,WAUKGAFB9BN542588,Pontiac,Grand Am,2003
38dbc1c0-485b-4218-9ac1-26d0033bc08a,1G6DV5EP2A0699741,Mazda,Protege,2002
fb300afe-21d9-4f64-b4ac-4024d4f67b7b,WAUNF98P28A535022,Chevrolet,Corvette,1964
1b9387e7-a34c-46a4-9f3e-d9c552cea17f,WAUA2AFD3DN675832,Lexus,ES,2008
c68bb7d6-640e-425a-a7da-95a67aef25fc,WDBSK7AA9CF914542,Toyota,Matrix,2011
086ca26c-4f58-4203-a26e-79cdc5162735,WBAKF5C56BE927552,Porsche,Cayenne,2013
9e9fcbf1-04ab-47e5-8747-4c580748bed8,1FTWX3D54AE097511,Ford,Lightning,1994
d31b77b3-a497-4d55-99d7-64c26126decf,JN8AZ2KR3AT906858,Suzuki,Grand Vitara,2002
01cc49ba-c5dc-4101-8838-34cafe27e75d,WDDLJ6FB2FA891035,Chrysler,Cirrus,1997
87966928-c4ca-401b-9a87-0cf3a70a7541,2C3CDXGJ6DH590963,Chevrolet,S10,1995
45f6bd35-dd62-40fc-905c-5236228e44b9,WAUDF78E68A548564,Mazda,RX-7,1989
ff386ee6-4a7f-4a9f-892b-e1d2161ac0d8,3C4PDDDGXDT340640,Chevrolet,Silverado,2009
c2c30d83-c6ff-44f3-b1e6-cffed8023c4e,3VW1K7AJ8EM665129,Cadillac,Seville,2002
39d3594c-e4bc-4198-bd80-5c176d860f69,1FMJK1J53AE669133,Isuzu,Ascender,2003
53c5d2a4-e861-40eb-9a08-4971a8a8e27f,1G6DW677X60463006,Jaguar,XJ,2010
2137120d-22fd-4bbd-b1af-1ed011434fea,WDDEJ8GB4AA989401,Ford,F350,2012
d7dca62b-df9e-44c8-bfd2-d4c5dad89bfd,1C4RDHAG2CC957240,Mercedes-Benz,500SEC,1993
5379197e-26e8-4535-94a8-50bc1e25a11c,1N4AA5AP5DC437691,Mitsubishi,Pajero,2006
f9b8f6be-2956-4135-92f0-ccd80bfd8262,1G6DX67D980222155,Dodge,Magnum,2005
b5f407a5-dbab-48b6-a0ea-ec258a05ac2a,3VW1K7AJXEM696883,GMC,Safari,1993
4c1c893b-4136-47b3-9aa7-9280b07a346c,5UXFG43548L445385,Cadillac,Escalade ESV,2009
db8adb45-c1c2-47b2-b448-8373f3227cf4,1FTEW1CF4FK267307,Kia,Rio,2010
e7a21678-5158-4168-afb7-f8c4a0e2d96d,JH4KC1F96EC310816,Ford,Econoline E350,1996
9c44239c-2432-456b-86f4-b6a45685714f,2T2BK1BA1EC193492,Ford,F150,2004
87f0f513-fe75-4bcf-b398-30c91a57e370,WBAEK13436C761937,Mitsubishi,Diamante,2000
9d846df4-0491-480a-b897-da2fe3a8f119,2HNYD28317H562555,Cadillac,Escalade,2006
cb8b02d0-2856-4f42-8428-00ccaed23935,1G4GB5ERXCF573613,Cadillac,Fleetwood,1992
b52788ed-af51-425c-9692-116555c66cd3,1N6AF0LX7FN729620,Ford,Excursion,2003
24218aba-56e6-491f-ae1c-bf9677f59f8a,WAUDL74F05N118959,Jaguar,X-Type,2008
2771f049-386e-4924-85fd-9bcfda665167,JN8AZ1FY0BW913150,Mercedes-Benz,SL-Class,1991
dd490d60-0d45-4679-bcdd-7664fab18b9a,3VW4A7AT2DM970089,Jeep,Grand Cherokee,2001
044253fe-7cde-4f23-87d8-ad590aa3ab84,JTDJTUD32ED458081,Volkswagen,Cabriolet,1986
a5a963d2-bed5-4760-b0e9-e7b799a61d71,KNDJT2A27D7258861,Buick,Riviera,1993
5a76c773-5bd6-44c7-9d75-8edf6bc6a4b6,1GYS4HEF0BR576771,Pontiac,Grand Prix,2000
85b944d6-6c07-4707-bc34-28dda7a36a93,JN1CV6FEXAM513662,GMC,Envoy,1999
a29d024d-e799-49f8-9330-ec6e145b3273,WBSDX9C56BE520825,Jaguar,XK,2010
ebc2ea3d-ff2e-4327-bbd9-2e87a20cc4b3,1FTEX1CM9BK552039,Ford,Bronco,1988
bc9c18b1-df77-437d-9dd2-b10bc14ee24e,19UUA65615A791947,Porsche,924,1988
2ec8be58-18d0-4829-b2b5-3b4586e95e1d,WDDJK7DA4EF018845,Honda,S2000,2000
71514388-7b5e-4533-8bb5-9b0813bafbe9,JM3KE2BE0F0344202,BMW,M6,2007
e16b4d25-9b39-4cbf-a50a-cfe357febe67,JN8AE2KP4F9787264,Kia,Rio,2008
93a660f6-1ebc-42e1-b865-f3bf3e9274bb,SCBZK25E53C426211,Pontiac,Montana,2001
c4c1b68f-949c-4075-b6a0-1616bf7faba6,2T1BU4EE0DC960116,Pontiac,GTO,1974
b519d123-c143-4b1d-8d10-29061efd97a9,WAUJC68E13A270218,Dodge,Magnum,2005
b75ecb78-685e-4769-a008-b19dd95ebff9,1FTWF3A53AE409695,Chevrolet,2500,1994
93171519-9896-4f50-b590-db829072b31b,1HGCR2E36DA066071,Volkswagen,Jetta,2009
a2a8735e-5806-46b0-a382-f1b05f528a80,YV1902FH7D1399113,Toyota,Matrix,2004
a91c901d-345b-48ac-930d-cd79c3cd0486,5NPDH4AE9FH539871,Chrysler,Town & Country,1997
3179d043-ecaf-45c7-bd51-9d1ec8133b94,3C4PDCDG0CT616980,Ford,E350,2011
cd119cb4-023f-4d69-b3ef-fe8cc43ac9d6,WAUXL58E04A945353,Toyota,TundraMax,2011
45300b70-ecab-4c7a-9ef7-366c9831504b,SCBFT7ZA2DC348086,Ford,Escort,1990
89620a85-5c9f-43ae-aa1b-bae1701b992f,WAULFAFR4DA162296,Saab,9-5,2004
cb293b23-d2ad-49cc-a0ad-a165bc3cc1e3,2C3CDXJG0CH126563,Dodge,Neon,2004
711585a1-9f09-481b-a7b9-9a435adef2b4,WVGAV7AX7FW691572,Mercedes-Benz,600SEL,1993
21576091-7a87-49df-934b-b85397c74ef5,1G4GE5G34CF974719,Pontiac,Trans Sport,1995
54010ca3-dafe-4b71-99ea-5e0f1b179355,3VW507AT2FM710110,Mitsubishi,Galant,1996
18169c95-9897-4bf8-a80f-0ea2f47aed00,5LMJJ2H59EE204246,Lincoln,Zephyr,2006
4775c04f-c14b-4f8c-b595-c58ccd077d82,KMHTC6AD9EU199389,Chevrolet,Suburban 2500,1996
631c004f-8053-4764-a00d-414721bfa5a0,WA1LGBFE8DD553821,Oldsmobile,98,1992
2cb7e952-8ea2-4df5-bb60-49ac62e97269,WBA3B1C56DF925046,Ford,Mustang,2012
64490eca-a378-47cd-a96d-53283ab38d5c,4JGDF2EE4FA028706,Toyota,Supra,1998
29b36694-3887-47f6-be08-65314371a168,5YMKT6C56F0762629,Chrysler,Sebring,1998
9249e8a5-f53c-415c-be47-f4ca7de8377d,SCFAB01A16G227494,Lotus,Esprit,1996
f88849a7-5fea-4f90-95be-7a71cc347789,JN1AJ0HP0BM200913,Ford,Five Hundred,2007
adf5341c-831e-4d33-9360-f4392ce2653d,JN1CV6AP6DM333219,Subaru,Outback,2006
12a6cc8c-a431-4aef-aaf5-e71a79b962d6,WAUEH98EX7A893248,Mazda,Miata MX-5,2006
6cbde94b-8920-4405-9f2c-396e4bbfa40f,WAUDH94F26N157423,Lexus,LX,2002
8f6404dc-9eeb-493f-820e-1f6dc41c7c5f,JN1CV6FE9AM157169,Toyota,Paseo,1996
823e10e4-1c15-4299-8d68-d423e2d13359,JHMZE2H34ES834477,GMC,Sonoma,1994
917d245b-7f1c-44fa-84b5-39e0d4e2fc50,KMHGH4JH9EU509860,Dodge,Caliber,2012
9910692d-f88a-4397-9705-0e1da5f3d2a9,1FTEW1CM3BK955498,Audi,A8,2004
b64b323f-5d0e-4064-af33-b1541c225efd,JN1AZ4EH4FM535580,Ford,Explorer Sport Trac,2010
71e9794a-6b8a-4315-9bae-72d6115b3334,2GKALMEK3F6574707,Ford,F250,2011
3bd692d9-08b4-41c6-8d6e-d5462c8111a2,KMHHT6KD7BU972067,Volkswagen,Corrado,1992
6db2042f-4514-4eb3-88df-06db8df157fc,SCBBB7ZH7FC769660,Jeep,Grand Cherokee,1998
aeba2054-3856-4f20-b6e9-0cffc5e3bbfb,WBAPM5G57BN640629,Kia,Amanti,2009
79959cba-ccdf-4fa6-923b-47b7f4b2bf6a,WAUVT54B12N722702,MINI,Cooper,2007
99dfae15-cc8b-44cd-8899-d24594f2bd4b,19UUA56623A647801,Chevrolet,Silverado,2007
79d223f2-3569-465b-bef4-4e0fb7958d67,1D4PT6GXXAW428218,Volkswagen,GTI,2007
b07dc040-e3c5-45c6-83f5-c4685befa6a1,3VWC17AU6FM591183,Chevrolet,Malibu,1998
d51da9f3-df0a-4ca1-85bc-02108ed397dd,WBA3A9G58FN829245,Chevrolet,Express 2500,2008
790447be-5170-430a-8030-8b561fe6b341,KMHGH4JH0CU608662,Audi,90,1995
a9a5d7e4-fc3f-4e1c-8c6b-32e3541f72b7,JTHBB1BA3A2770602,Dodge,Ram 2500,2008
d696c2c2-1abe-4b6d-8621-26809c953ca1,1N4AL2AP7AC939204,Hummer,H3,2006
126fb6aa-daa5-4d01-a88f-2f9ee6096aa2,2T1BURHE2FC790854,Honda,Ridgeline,2011
d096ab6b-1c5d-4a47-bc9c-cac288d4a40d,WAUKF98E55A668483,Lincoln,Mark LT,2007
f9a61025-d866-4ed7-9979-6294d90e1fbf,1FTEW1CM3EF946247,Infiniti,QX,2006
72160d72-1c7f-42eb-94a0-9accc8389f26,WBAUN1C50CV404985,Toyota,FJ Cruiser,2012
99a01643-0f7b-4e5b-b46d-a1c9e28c66e5,5LMJJ3H52BE190336,Hummer,H2 SUV,2006
c2493e14-cef5-4c8a-882c-92db6dbe3112,WVGFF9BP2BD188051,Saturn,Ion,2007
8800b544-4a60-450b-8986-22c5622c62a4,WAUBF48H58K208283,Volkswagen,Routan,2011
f71d44f6-c703-4af3-a1b7-42de6d5986df,3VW4S7ATXEM435431,Saab,9-7X,2006
600b8d63-826a-474c-909d-d34b4b112bc7,SALFR2BN1BH187220,Plymouth,Prowler,1999
547b4869-184f-4e7b-a2c6-c4135921284a,3GYFNDE33FS454714,Dodge,Ram Van 2500,2000
31db8774-2595-47bb-802e-4d23ed162a9c,WBA6A0C56FD109169,Mercury,Cougar,1992
d39a0644-6815-4c77-af13-6da834ba9950,1D7RV1CP9BS700054,Land Rover,Range Rover,1994
e8fb282e-3b90-4e59-825a-df1340576f68,WBA3B1C5XEF462331,Porsche,Cayman,2006
695af46d-044c-4b12-8476-3de8203e6ad7,WUARL48H29K770673,Volkswagen,Quantum,1984
9b65c0a6-0f34-4f55-8446-dca8ea207838,WAUGGBFC9CN188254,Toyota,Truck Xtracab SR5,1989
99ca61bb-bfd7-4fe0-8738-b2e59cc7bad0,5N1AA0NC0AN312677,Mazda,CX-7,2012
7b6c5558-367b-4ead-ba4c-4d08723f0147,WAUKF78E46A309583,Chevrolet,G-Series G20,1994
551f5540-ca90-4718-ab7c-ad0c97759bd7,2G4GS5EK1C9673725,Volkswagen,Cabriolet,2001
cbc11827-5aea-4a77-80ac-e677ad83394f,WBA1F7C55FV901618,Buick,Skylark,1994
7731ca9b-7e2c-4d00-b460-afae0522ba43,WAUKF98EX8A131788,Ford,Taurus,1994
0b66c92c-e66e-4992-83dd-78e9c1902cc5,WBA3G7C51EF750999,Isuzu,i-Series,2007
14f8ebac-2fba-47d9-8285-ed282cef9fef,2G4GV5GV4D9531837,Nissan,350Z,2003
69452157-f3f7-4507-923c-b7cbf6d45886,SALWG2WFXEA430092,BMW,M3,1997
d7b2e414-c47d-44a9-9965-0acb1f17c576,1FTSW2B52AE112991,Kia,Optima,2009
bcface70-6bf4-4f42-827f-0af0c697d4ae,YV4902DZ3E2159857,Saab,900,1985
0bb2f7b8-437d-4c4c-81e0-ff64cd1c7ecd,JN8AE2KP0C9887132,Ford,Escape,2013
430644fc-4a54-4611-8a0a-2fb9d60a3e5a,1G6DL5E39D0605295,Nissan,240SX,1998
45576003-6b0c-4ade-8c68-da6b09d14f8d,2G4WC582581857284,Land Rover,Range Rover,2001
0d0ec02b-0a11-4db3-a1b2-548bbfea31b0,1FMCU0C77BK995936,Pontiac,Firefly,1989
4e632e36-08ee-463a-a4b2-ef56124e2f26,1C3BC2FB4BN515582,Honda,Odyssey,2005
fc02dc35-dc78-46a1-9c34-c8b15d4657a0,SCBDC3ZA6DC459823,Pontiac,G3,2010
65fb1b94-5ea8-4200-8b66-761de3fb9fe6,KMHTC6AD4DU529101,Honda,Accord,1998
c0002bc3-a252-45dd-acba-34eef6857644,1FTSF3B5XAE648738,Ford,Probe,1990
d5011790-a630-4f5f-8158-bb13a188cb1b,19UYA42661A580795,Chevrolet,Avalanche 2500,2005
019314a3-334f-4119-ab2e-6b0ec6a8e343,WBALW7C50DD481357,Nissan,Rogue,2012
a0ba0256-349d-42da-b1b5-d9b45790263f,4T3BA3BB3CU601165,Pontiac,Bonneville,2005
01864c44-84e2-413c-83f1-62280320c104,WAUSF78E68A767810,Dodge,Ram 3500,2003
ad9d4263-e567-45f6-8066-877e46477a1a,4T1BK1EB1FU087553,Audi,S4,2011
0b739868-26d0-4de5-8089-085312d07ea8,JN8BS1MW3DM630363,Lincoln,LS,2004
1930cba9-037e-4abe-aa4f-c087cb64776d,JH4CU2F69BC479687,Mercedes-Benz,M-Class,2007
9e3f6f87-de10-4499-84f9-1e26475e693d,SCBZU25EX1C536985,Ford,Escort,1993
21449327-b842-4d55-bf6f-db731ef00115,WAUKD98P29A218836,Chevrolet,Avalanche 1500,2003
f5d413cc-d9cf-4407-a5cc-95f12c0192e6,WBA3A9C52DF143330,Dodge,Ram,2003
074058c3-bfef-4076-a5fe-479bf97ce77b,WA1FFCFS8FR817332,Toyota,Tercel,1992
120bed46-6def-4273-84e8-36c1472698e7,WAUBFAFLXAN471623,Chevrolet,Traverse,2011
7ee05f5f-25bd-4664-bcc5-a4b4ec9685a1,WAUVFAFR5AA483896,Honda,Pilot,2009
b339ba6c-e995-45c4-8afb-23518e91a1e8,WP0CB2A82FK075190,Nissan,Frontier,2008
55c695c2-64e3-46cb-8856-7fe14f8ba936,WAUMFAFL9BN942395,Suzuki,Equator,2010
027b9f05-821a-4f37-945e-ac6fe24c91c3,ZHWGU5AU4CL601309,Volkswagen,Golf,1991
fb8f2b8f-2ed2-42f5-933a-806d1c3b4f31,WBAWV13587P556614,Ford,Taurus,1988
c9979f95-1dde-41be-a5ff-4d8d07eb4921,WAUJC58E44A006812,Mitsubishi,Raider,2008
7f09c0c4-2c62-4620-a252-8418a29c2c58,1C6RD6PT4CS626651,GMC,Sonoma Club Coupe,1993
cda4f717-abd2-4e53-9446-96737da48cc2,WAUHFAFL6BN802130,Pontiac,Montana,2003
0e67f148-e1b0-4aa3-ad94-9ffc17a9fdda,5NPDH4AE3FH856092,Maserati,Quattroporte,2011
6113141a-32ad-4bb2-add2-e3b971eb903c,3N6CM0KN9EK604394,Kia,Sephia,2001
5431ebf3-8f31-4ae3-be16-1767a62db38e,1D7RV1GT7BS369739,Subaru,Tribeca,2006
08f8a4d6-e1fc-406a-a267-6c9a757e2a46,19UUA65546A777355,Buick,Skyhawk,1987
88eb6106-1f69-4db1-bcaf-a8c7d8273bd1,WAUMGAFLXEA706427,Kia,Spectra,2009
3a0822bc-49c4-41a5-b4ac-76f02305bbc0,1G6KD54Y75U714009,Chevrolet,Monte Carlo,1997
b144436f-92fe-4c5b-92c7-578edfc91e44,5UXFE4C59AL283281,Cadillac,DeVille,2000
b354a497-dcf2-472f-9940-06c406a78904,SALFP2BN8BH904959,Dodge,Ram Van 1500,2002
0f22f64c-00ad-4b90-9fd0-a3191a800a7d,1C3CDFCB6FD796647,Volvo,V70,2008
3fb96de6-1cc7-4862-98a0-c5912bdc743d,4T1BF1FK8FU545771,Lincoln,Continental,1993
608d78fd-1ea9-4a2c-973e-a600e7f05d46,W04GV5EV0B1728796,Mitsubishi,Diamante,1999
5f8b2a0e-2c7f-4a89-b0b8-47554a78d965,1N6AD0CW3FN168829,Toyota,Corolla,1995
a4dd1704-84e8-4a34-bf03-9f014b46f269,1FMEU8DEXAU414906,Isuzu,Rodeo,2004
7fe34929-80b1-4459-8798-02ad5c2dc607,19UUA56663A106315,Toyota,Solara,2005
8381d6e1-fe84-48f2-8857-d4d5c4e0db8e,WBAEN33482P416893,GMC,Sonoma Club Coupe,1994
8bb4a46f-37d9-4085-9e5e-eadfba8e9abd,1VWAH7A31EC579663,Subaru,Outback,2005
9aaf4d70-ed39-408b-bcbf-b83fb09a98bd,5GADS13S072137082,Kia,Optima,2005
8312383a-f65a-4bc8-94fd-28b656eb449b,SCBDC3ZA4DC323416,Toyota,Matrix,2005
98d1bee6-44bf-48ff-aee8-40aadb6eed8b,1GYUKCEF2AR076479,Infiniti,QX,1997
bca47070-cccb-447c-91b5-228113093757,WBA6B2C52FG760693,Mercedes-Benz,G-Class,2003
070201fe-9395-4134-9108-32eae8c92ddf,5TDDW5G10FS773634,Ford,Econoline E250,1997
2aa12dc3-e65e-466e-a601-3dbfeb8b6943,1GYS4JKJ6FR338378,Ford,E150,2005
16dc4e52-bcb6-43f4-92df-f1884f56047c,WVGEF9BP8DD184374,Land Rover,Range Rover,1986
05961d6e-3161-4f74-b39d-875bedb10a29,1GYS4HEF6BR842813,Mazda,Familia,1989
bcd62ed3-6a37-42c5-9305-b1014f36bfa6,JTHDU1EF2E5087515,Mercedes-Benz,E-Class,1995
b43e9341-795f-47f0-bb19-bf0372efea6e,KL4CJBSB4EB362391,Suzuki,SJ,1990
66f0d1c7-387c-4ad7-a457-50cade4436b1,SCFAD22323K417982,Chevrolet,Express 1500,2003
8fe54eb7-b8fe-40e2-906d-dd31bd315a73,WAUFFAFL1FA098861,Hyundai,Scoupe,1994
537727d4-cbd8-4190-a57f-55513e3eb257,5FRYD4H61GB722627,Volvo,V70,2005
62c56cf9-662e-452a-ab62-4608a0529c40,JTJBC1BA6D2878244,Buick,LeSabre,1997
0782654e-feda-4010-9618-ad7fffd61508,WBA6A0C59DD009306,Hyundai,Elantra,1996
5b6b4ee1-b040-4d33-9730-f92e1e9673c4,WAULT54BX3N063057,Hyundai,Azera,2009
7d7a2ed1-95e1-4419-8169-deefb2535ee9,WAULT68E35A951623,Maserati,Biturbo,1984
10a6d140-c713-4c9c-8815-f9a22d116495,WAUUL78E17A127908,GMC,Jimmy,1992
868d00b3-8ec4-4962-98ef-602010122a6e,JN8AZ1MU3DW869552,Pontiac,Montana,2003
55411e0c-9027-4b83-aaa9-5af3f2b3439f,1B3CB5HA5BD472418,Subaru,Justy,1987
951f5ff7-a7dc-4b54-807d-7da8af28ea08,WA1LFAFP4EA581374,Audi,S6,2009
27eca7fc-6ae2-483c-b7d2-34f1673c2319,1GD21ZCG7BZ427155,Porsche,Boxster,2005
965aa3e4-4bcc-42ab-8c24-449cce20be13,3N1AB6AP3CL902472,Lincoln,MKZ,2011
383d4d74-7ed9-44bd-9f58-83c1de68f159,JHMGE8G29AC862816,Subaru,Justy,1994
9e6c2bf1-5621-4fdb-862a-d1f17159fec9,1GYS4BEF8DR338389,Mitsubishi,Montero,2006
6699ac2c-c11c-4639-b277-dd3f6c73800c,1G6AH5R32E0796865,Chevrolet,Corsica,1994
adc94300-997d-4ebf-b109-2ebc51358087,WVGEP9BP0FD457744,Saab,9000,1990
41338ae8-e604-4736-9706-4860ccabb60f,WP0CA2A82DS841323,Nissan,GT-R,2009
961f5a69-067b-414f-a769-e8ba684b272e,WBANA53515B873224,Nissan,Xterra,2008
c5168cd1-9ec4-4f08-8380-bae10d4500af,WAUHFAFL5FN360057,Lexus,LS,2006
d707b83b-4722-46f7-ae25-9caaf0092413,WA1LKAFP3AA515713,Lincoln,Town Car,1993
b428dff5-ff10-4391-9a17-63af15b261fb,WAULK78K59A597091,Ford,F150,2006
b18046d4-c7ef-4970-8619-339a6fc5d1eb,3D7TT2CT2BG793084,Lexus,SC,1999
d9c7af06-077e-46ce-bfee-204939599796,WAUEF98E27A379660,Honda,Odyssey,2007
3059bc16-44d7-440b-bb8a-9fb8c58a3727,5UXWX9C5XDL906760,Dodge,Aspen,1976
7ccc55f7-ed28-452f-8748-a0cf4770b7d5,WAUDC68D71A378778,Volkswagen,New Beetle,2003
82185431-9fec-4431-af91-07ee97427ef6,1FBNE3BL0AD048805,Cadillac,CTS,2007
bb586caf-e02d-4776-b7f8-0fa7030b701c,WBA3C1G5XEN844467,Mitsubishi,Mirage,1991
3e867208-a750-4f03-9205-b3cc8a71de63,5UXFE43508L069953,Ford,Flex,2012
f4c7269e-da6a-41a5-a493-63f1fc11d713,1FTNS1EW4AD885023,Volvo,S90,1997
cc33ef47-c6da-4d15-8fd5-aadaa7fa5165,1D7RV1CP5BS874705,Chrysler,Concorde,1994
06005d4f-2681-478e-9d52-2ec44bdea496,1N6AF0KX5EN626440,Chevrolet,Express 1500,2007
e6176779-12fc-43c6-8e4b-678689eca7b3,5GADV23L85D954081,Chevrolet,Impala,2009
3767b5a0-7255-439f-999d-9c9d4f305117,JHMZF1D45ES848104,Chrysler,Voyager,2003
0ff70861-5aad-4ad0-a47d-1f75db905926,5N1AT2MK0FC400906,Aston Martin,Rapide,2010
39e730b6-4ad2-46fa-ad29-b250dd74e5cb,1N6AA0EC9FN448699,Hyundai,Entourage,2009
e8161f9e-09da-40f4-bc35-8d41f813c1cc,WBSDX9C59BE465352,Infiniti,G,2005
351ddb4c-2935-43d5-b0bf-53a736dc9a16,3D73M4CL5BG402843,Pontiac,Bonneville,2005
69974128-81e6-43fe-952c-e637a1a1444d,WA1BY94L27D953834,Audi,A8,1997
9c9bdb38-1963-4f77-9ccb-ae511e86c55c,1G6DE5E50C0807839,Nissan,Sentra,2001
bed5c78a-5364-4dc2-bfd2-b83fd31aa95b,WAUEFAFL5EA109094,Mazda,Protege,2003
c79ec4f9-e2c9-45d9-80a8-e641feba6921,2B3CK8CT6AH798496,Pontiac,Grand Prix,1993
8145206d-63ad-4651-9bbf-81d35f39d347,JTDKN3DU9B0487890,Ford,Bronco,1988
a220eb3a-1c1b-4cf2-af37-2af6c221aa9b,KMHTC6ADXCU778467,BMW,7 Series,2010
a4c87c04-3aae-4d3e-b033-27dedc7f6a17,SCFBF03B08G802816,Acura,TL,2003
77e72a85-1fcf-44e7-9b23-56be2b883dc6,WUAUUAFG8F7927914,Ford,Laser,1985
2e9995b5-8d24-40b6-8d54-cdbc896c363b,JM1DE1HY1B0795730,Toyota,Land Cruiser,1998
a8b185f4-cc4b-4cfb-a406-9acac0445be6,2C3CK6CT0AH236052,Nissan,Quest,2002
9e572342-26d2-458c-ace3-e6cbf9b0bc1b,JN8AZ1MU4CW058129,Volvo,S80,2001
78e232e6-f8c1-4f37-a71e-7e46b4f03aa9,5NPDH4AE0FH796918,Ford,Taurus,1998
6f8e7760-142f-40c7-bad4-3fbb4838e335,WDBWK5JA2BF846816,Pontiac,Sunfire,2002
3cf9d9d9-9e99-4482-8ee9-95134ce388cc,WAUMF78P36A610694,Toyota,Celica,1994
ae28e15f-c120-4aec-b1d5-da574caca26f,KNALN4D73E5081919,Kia,Optima,2004
16895fcf-b281-4261-88a3-ff09b421f4f8,3VW1K7AJ0CM147691,Ford,F250,2011
3d9f4383-9fb2-4713-847d-fee7d870b62b,JM1NC2LF3E0537669,Hyundai,Elantra,2007
b202b0c4-77d7-44a9-85a5-cc5b9ffc6a49,WAU2MAFC9EN617120,Hyundai,Veracruz,2011
ef0b6a76-2c32-436b-a8a5-45cc82559365,3N1CN7AP9FL618774,GMC,Sierra 2500,2005
a8813476-0d64-4ad5-9cc3-49a92e531cfa,WBA3B9C53DF442600,Hyundai,Entourage,2009
51d96fb9-61a2-4410-8a52-e4fb07d6a8a2,1G6KD5EYXAU518901,Daewoo,Lanos,2000
d544dc49-bfe9-4359-8edb-ad3e9b64381f,WAUAF48H38K976078,Porsche,911,2012
202b3308-294b-4e93-bfd4-0c882ce1faa5,1FTEW1CF1FK560386,Chevrolet,Express,2012
50371139-d324-4b1f-b66c-25f594c9b247,1G4GD5GD4BF026315,Audi,5000S,1987
b7793137-f458-47e0-b646-1fd03b386549,5GAER13D19J904092,Honda,CR-V,2011
2357c6ff-ee6b-4724-8edd-9dd4f8d42097,WAURFAFR2DA996299,Mazda,626,1986
117e1bf5-8975-497b-a943-addde6556601,5FPYK1F28BB121219,Chevrolet,Corvette,1994
484027dc-faf6-4542-a0bc-8dd3e535e3f9,WBSBR93462E442135,Jaguar,XJ Series,1996
e72897f0-5da2-464d-b0dc-8db2afc26848,YV1902MD9F1051736,Saab,9000,1986
d1bfd242-073a-4671-b50a-89a3addcb0e5,WBA3B1C55FP399943,Chevrolet,Silverado 2500,2006
1d21b02b-a6b8-440f-904b-19821d4d18cf,1GYFC43589R817400,Audi,RS4,2008
e42de9eb-a039-4e66-b31d-52630130346b,2G61M5S37F9055320,GMC,Yukon XL 2500,2011
c8ee3782-30d9-462d-b029-facd70cf3a5f,3N1CN7AP8DL611456,Toyota,Sequoia,2002
c169b5b3-7077-4bb4-971e-a54ebb84ba17,WBAEH13547C370336,Ferrari,California,2010
db2309ed-68c6-4030-a483-d569e36d0306,1FTMF1E89AK961039,Mitsubishi,Mirage,1985
9dba1d0d-ecdf-4ad1-a6c5-206a7ca94dcb,1GYS3JEF0CR551025,Mercedes-Benz,CL-Class,2010
1864c7c1-4dfc-42c7-a9f1-8f71d8df3df4,1FTEX1CM3BF567483,Ford,Econoline E250,1996
51258687-5375-4426-9cb1-e0dbd827f21b,WBAKF5C5XCE376382,Chevrolet,Impala,1996
8fb6b8bf-d67f-44cd-bee7-44b146453ccc,WBAWC73579E213140,Acura,RDX,2012
1a08f8f5-78b5-40fd-9cd9-67aa8ffa4c7f,WAUEFAFL3FA918921,Chevrolet,Corvette,1986
a6ca3b8a-35fa-4de6-a955-1105f7db9136,5XYKT3A14CG918552,Mazda,MPV,2004
0e43bb1b-5545-4a76-8f7c-72a1cc545e1f,WAUGGAFC4CN880271,Volkswagen,Golf,2005
2d81bab6-b135-437a-9a99-6bf5bb91dbde,1FAHP3GN9AW235163,Volkswagen,Phaeton,2005
2661c2ab-c48a-4e72-8217-a90a944d294b,1G6DC1E31D0636629,Hyundai,Accent,2011
5a84eac2-9918-4153-a561-44d62b32da0c,WBA3B3G5XFN541351,Honda,CR-V,2006
5ac80470-8515-4438-a887-8957f07aa5d8,3D4PH3FG8BT072876,Lincoln,MKT,2011
d7ca3c63-2f1a-46e2-813e-336682881eb9,1G4HP54K84U674835,Oldsmobile,Intrigue,2002
e8246b4e-9630-46a4-8335-0d278750aead,JH4DC54813C581967,Saab,9-5,2000
96720ed8-f7cb-4180-96ef-d9f3b94ea313,1G4GA5GR4CF228304,Mazda,MPV,1990
f0dc0cc9-81dc-48d4-8940-6f271d422e3c,WBALL5C59EP390830,Mitsubishi,3000GT,1996
23b609e0-85ca-402d-9921-b02798332a5c,1GD12ZCG5CF942408,Chevrolet,Silverado 1500,2010
c0d53c15-3ada-4cf5-8ef3-35b98cc24707,WAUEH78E36A792071,Subaru,Baja,2006
64616444-5bfb-4fd0-b8ed-9a745b462073,2V4RW3D12AR284707,Mazda,B2600,1989
0c41ca92-0d29-4481-8d95-afad0284b91d,5XXGM4A74CG428291,Mercedes-Benz,R-Class,2008
1dbd5300-1a1b-4449-959c-df7044013c31,3N6CM0KN0EK886957,Mitsubishi,Galant,1985
ec8a6421-6272-49f2-8596-bb0bcfe7480e,2C3CDYCJ8CH951751,Mitsubishi,Montero,2001
166191c5-33d5-4faf-8ba7-410d6d5c31f9,WAUDC68D21A169206,Chevrolet,Suburban 2500,2001
509b842f-ee96-481f-951c-2fc381f7d72c,1D4PT2GK6BW093960,Mercury,Topaz,1986
2907f4ea-5128-4b4a-98b1-56101c1654f7,1GTN1TEH2FZ479349,Nissan,JUKE,2011
c95d620b-9034-42a8-956c-7e026d768929,SAJWA6FC1E8343034,Chevrolet,2500,1992
6c893543-41e0-45c7-a171-e63a1c9babaf,1FTEX1E87AF466767,GMC,2500 Club Coupe,1998
8f18b0ec-b752-4e26-aed2-556d0e4effe3,ZFBCFADH6EZ879267,Mercedes-Benz,W201,1988
b9c86e8e-f950-4cd0-ad41-87656ce73289,WBAAZ33463K709063,BMW,7 Series,2012
7440987e-7a4e-4d11-9ad4-f296ea5563ae,1ZVBP8JS3B5161030,Chevrolet,Corvette,2001
bee09517-899d-4481-8468-53bf55671273,WVWAB7AJ1DW469986,Buick,Roadmaster,1994
37265b09-0dee-4e1d-9548-ae0ead59f149,1N6AA0EK9FN492645,GMC,Yukon XL 2500,2011
d84ecdd2-c206-4e22-bb8a-19aab0acea04,WBASN2C55CC071949,Oldsmobile,98,1992
311f343f-ef14-4cfa-b80a-f32a290ded9b,JH4DC538X4S985262,Lincoln,Town Car,2001
2520413e-52dd-41c9-a725-0eabfdab1df7,WAUWGAFB1AN250367,Lamborghini,Gallardo,2009
c2b187e5-b68d-4d70-a3c3-7dbab1c6278a,1GYFK66898R476219,Mercury,Grand Marquis,2004
1cf81794-1c5c-41bc-9441-8a598aa6394c,1B3CB1HA5AD220188,Subaru,Forester,2010
e70452b7-0509-4e84-aa82-7b83b6b0a8c9,JH4CL96866C002489,Mercury,Sable,1989
7d782a69-5bbf-4ca2-b737-507d2386813d,KMHTC6AD7EU711280,Audi,5000S,1987
56df0b17-2013-4289-9d14-1e4b868d0df9,WAUHE98P19A807335,Pontiac,Grand Prix,1988
5258905d-c4d9-4d57-9ba7-ad2dab3c01c7,3N1CN7AP2EL522192,BMW,M Roadster,2007
059718d1-eb81-4759-8c18-193f60fc9184,1ZVBP8JS2B5443367,Honda,Ridgeline,2006
9f004b2c-ee5e-43c7-a692-5599bb101317,1N6AF0KY5EN851112,Dodge,Caliber,2011
fb1012dd-94c9-4469-b82f-d35567fb2c1d,WP0AB2A84CU895519,Volvo,740,1992
9f41b66d-f974-4dae-b2de-fc9d7573bdc2,SCFFDCBD4BG092564,Aston Martin,V8 Vantage,2010
ea6274b6-5d6b-47cd-bcee-40daad7d70be,SALWR2VF6FA457836,Isuzu,Rodeo,1999
24f8f79b-91f6-4708-8e18-587a059cc3b3,SAJWA6FC4E8259418,Porsche,944,1984
1aedde0b-a609-42cb-9f5e-b054ca51fdd8,WAUMF78P06A380208,GMC,Sonoma,1995
706f87ec-3cae-4b30-90b2-3d2d2b620442,3VW507ATXFM690009,Mitsubishi,Tredia,1985
7e11c033-b8e5-44b1-a8ae-1f834688dd4e,WA1CFAFP5FA901688,BMW,525,2006
bfc7dddb-2c7d-4941-b5bb-a6f477e6cc71,KM8JT3AB1DU812740,Nissan,240SX,1995
96f6b1b2-f4ed-4388-82cc-05aa447476fb,JN1CV6FEXFM757867,Pontiac,Sunbird,1993
d950fe8e-235b-42a4-a607-63cc76735c88,ZHWGU5AU4CL329053,Ford,Fusion,2010
482981c5-a6bb-4402-bfd2-600718b72b91,3D4PH6FV9AT175626,Subaru,Leone,1988
898c2b41-da8b-4599-a7d1-0d8972f07e6c,1C6RD7KP0CS759312,Saab,9-5,2010
36637551-5264-4af1-b828-e6bda0cebbd2,YV4902DZ4B2274091,Pontiac,Grand Am,2003
b5a9a41a-1c61-4a50-bd85-30df0af6baab,SCFFBCCD3AG961383,Chevrolet,Suburban 2500,2001
afe546c3-8b2a-4589-bffc-770f3ba3a060,5J6TF1H36EL389629,Land Rover,Discovery,2001
aead7a2d-c645-416f-befa-781cc7eba981,4T1BD1EBXEU554039,Ford,Mustang,1996
54783019-c525-4667-86a1-fbf76fb4b85e,3D7LP2ET7AG741448,Dodge,Grand Caravan,2003
668905a4-ec2a-48e8-89c4-3bd8430926ac,JH4DB76691S939104,Ford,Expedition,1997
8e5f0e46-d17d-444c-8b2a-abc51827c284,2C3CCAJG8EH182463,Ford,F250,2010
df8897bb-c6bc-46a9-9fee-2b859592ddf6,WBAWC73599E767778,Cadillac,CTS,2009
7605438a-86aa-4898-bcef-298455a362f6,5J8TB4H5XGL769145,Mitsubishi,Montero Sport,1998
c4af31b3-ae9e-4454-af8e-b2417caf265c,3N6CM0KN1DK702429,Buick,Regal,1988
47462229-6477-4a79-98d7-cfd794b9c1e1,YV4952CF2C1781443,Toyota,Tundra,2002
1bc07855-1c96-4d28-8e3f-c12ac0aeb247,2HNYD2H39DH652399,Dodge,Viper,1992
0b66b919-1725-4b71-9364-c4eefb56bef9,KMHHT6KD4AU501136,Chevrolet,Classic,2005
f49ee93b-5cad-461e-9bc2-cc52dae542ba,3D7TT2HT7BG137908,Toyota,Avalon,2002
04c1bacf-6b6d-4744-87da-c7571d8d20fc,SAJWA1CBXCL125666,Volkswagen,Passat,2005
5d4087e1-ba28-4d47-91d4-0c9033e66104,TRUTC28N541344820,GMC,Savana 2500,2001
eb3ed8eb-644d-4c35-8c5f-442e19c3c2dc,3D7TT2CT9BG137710,Pontiac,Grand Prix,1988
cee165a1-2ce9-45e6-ad4b-10b4029c5d35,JN1AV7AR0FM283323,Subaru,Outback Sport,2002
7b448f3c-001e-48af-9222-20f94cf66449,3VWML7AJ5EM281755,Land Rover,Defender 90,1995
f44b537c-deb1-4824-a007-fe89e87be559,5N1AA0ND2EN496289,Ford,Crown Victoria,1992
be089bd8-5340-49eb-961e-5cf958f3c5d4,1G6DH8E30E0139163,Lincoln,Town Car,1986
aa6d4b41-afb1-4d3d-8046-567ee08415d2,5J8TB4H39GL299690,Acura,MDX,2002
032306aa-04d0-4304-b2d0-e9d3934cae9e,KMHFC4DD4BA607095,Toyota,MR2,1994
9da15dda-2c56-4b39-9c29-3fe6d33a5d19,WVWEU9AN7AE733143,GMC,Suburban 1500,1995
d2c5bff5-b4b0-4a02-b89d-1aae3d9a56a1,2FMGK5B84DB112340,GMC,Sierra 3500,2009
86cc4bfe-5e19-4f30-98a2-2d2f23900890,WAUVT54B32N208057,Bentley,Continental GTC,2011
5ce23bc4-5534-4670-901b-50a615614c93,WBSBR93442E042798,Acura,Integra,1994
76c94d8f-f6ef-474b-a4ca-bd399745e5cb,SAJWA0JH7EM249635,GMC,Suburban 2500,1992
e8f6cbf0-9e2a-4a85-8f03-5aebed05325b,WAUDV74F67N267132,Toyota,Corolla,2008
50fa76a0-cf4f-42fa-88ab-46f14897e89b,1N4AL3AP6DC851903,Cadillac,DeVille,2005
01165fc6-7337-49e4-98e1-9d8a8796faa6,4USBU53526L454527,Toyota,Highlander,2004
180534b5-7ccf-4a36-9c1d-fcda59981a4a,YV4902DZ6D2999372,Ford,Thunderbird,1988
47cdb86d-3bf9-42b4-a089-ab66a7904131,3C63DRML1CG451228,Isuzu,Hombre Space,1997
7089286a-d196-419f-90b2-c82a7aff5783,WBAWV5C56AP208759,Ford,Crown Victoria,1992
45c89974-0b10-42f7-a76f-805cef1e2a02,KMHCM3AC1AU089529,Aston Martin,V8 Vantage S,2011
abc2f558-78cd-4abf-8dea-814f67e88ccf,WA1AGBFE1CD286334,Audi,Coupe Quattro,1991
072c2cf2-87c5-456f-949c-45a3f8268c78,1GYEE637490777968,Ford,Festiva,1989
eeb9850b-57aa-4426-894e-eb4184bb80c9,WVGEF9BPXED013093,Audi,A4,2008
af772428-58c6-4238-bfe7-ac0462c0d200,KNADH5A38A6384430,BMW,M3,2012
820fdd74-e8bd-41d7-b1a6-1131784befcd,WAUUL98E18A742553,Porsche,911,1996
732d9388-2e5b-4e92-b187-bbba853b7968,JTDKDTB37C1833797,Mitsubishi,Lancer Evolution,2008
f3820a24-2d63-49f8-bf06-ef41b6e4bdcc,1GYUKKEF4AR006024,Volvo,V70,2006
bcb5ef4d-0b8e-4647-9e84-14a5aadce905,5FPYK1F42DB347647,Hummer,H1,2002
aa5b42e4-9e68-4ac6-9792-f0632964f843,1G6YV36A585470614,Lamborghini,Countach,1989
0f3af682-62e1-4c0a-861a-5f9d6a39b64e,WA1CGAFE7DD145613,Nissan,Frontier,2004
29863641-e6f4-47aa-a857-9b301ca85d6f,WA1VMBFP7EA367984,Pontiac,Bonneville,1985
b6d8d459-5e81-4cf0-9c6f-40849d35ab82,3VWML7AJ3DM648795,Nissan,NX,1992
e88f726b-12da-468a-80ad-3a3a92c99573,3GYEK62N25G649727,Kia,Rio,2011
7843b25c-227e-4cc3-871e-feafebe89f18,JTJBARBZ4F2479720,GMC,Sierra Denali,2006
3deef1a8-433c-4b0b-97ae-188c16192749,5UXZV4C53BL084404,Chevrolet,Corvette,1984
61f2b613-297d-4652-a5fc-71e71d5e88ec,2C3CCAEG2EH327846,Alfa Romeo,164,1992
0d88c6d7-14cd-4cea-ae17-9dd09d4f5da4,1G6AB5SX6D0390956,Plymouth,Laser,1994
199ef070-b66d-4fa7-931a-d90f8a6464f8,3LN6L2G97DR226734,Mercury,Sable,2004
ee549a71-5722-43eb-b7c0-d9563837edbb,WBAGN63494D282667,Ford,Freestar,2003
cf951b25-6f2c-4d88-a9e7-0e28b87c24f1,2C4JRGAGXDR902018,Buick,LaCrosse,2012
59f49eb7-a5a2-40dc-9ede-a6da82799155,2T2BK1BA1DC516647,Lotus,Esprit,1996
5cf86ae8-2a08-43b1-b0a6-76dd8ea8cfc2,5N1AT2MK1FC732160,Nissan,200SX,1996
d0c649c2-f1e6-4111-af6b-93be1e1070ee,1FMJK1HT3FE677115,GMC,3500 Club Coupe,1992
c4a8dd08-8950-4dae-b081-4ab725d195ac,1G6DV57V880488761,Audi,A7,2012
75f4f83f-6b74-43d5-8b09-9384cbd945ba,3VW117AU2FM725789,Jeep,Liberty,2005
d85f29a5-21dc-4b0b-a5ef-ce23d6970c9b,1GYS3FEJ2BR875755,Buick,Regal,2002
58dc89cc-70ea-41e0-b96d-98e41c53a7f8,1FTEX1CW4AK983730,Jeep,Wrangler,2004
66e715a2-e10f-44a5-b90e-50b797493f01,3GYFNBE32ES253115,Cadillac,Escalade EXT,2006
77b067b1-ec09-45e5-afda-06784034f30a,KMHCT4AE1EU480549,Ford,Escort,1989
95feb32d-725b-468d-b1d9-6ae1a842063c,WBAPK7C5XBF283237,Toyota,Sienna,2000
a5d33eb0-44fe-4c10-94e7-573b31ebab20,WBADN53422G083100,Mitsubishi,Sigma,1989
3c7618ff-d7df-408d-992a-b86ce5667bd3,JM1NC2LF0C0813819,Volkswagen,riolet,1993
b5d98652-18d0-463e-b7ef-b7a269c1ec68,5GAKRBKD6FJ863402,Ford,Taurus,2004
3551a51f-26cf-4f92-8e2b-ddb57d85d11c,3D73Y4CL2BG643067,Porsche,924,1988
d3b2d231-0156-425a-a700-0a0ec76ed4f0,JN1CV6EK8DM333530,Lamborghini,Diablo,1998
6d5ceadc-340b-4ca9-93a8-076cf94afa62,3VW4A7AT4DM135482,Ford,ZX2,2002
4867499f-ccea-45d3-82f6-8f179bb59158,5TDBW5G18AS298797,Chevrolet,Express 2500,2010
5cfdc104-0d40-444f-b0a1-77f069f5fd49,3C63D3HL5CG574067,Pontiac,Grand Am,1998
85f070bd-79e7-4d5a-81f1-babb0c50c285,JN8AE2KP9D9138363,Mercedes-Benz,W201,1993
09e399b1-43dd-4467-8d6b-94ffe51c39ca,WDCGG5GB9BF839752,Toyota,Sienna,2002
919c47b7-9cae-4eed-9623-b8808753e170,1GD21XEG4FZ190129,Mazda,929,1988
64f4fa4c-769c-4f12-b0f7-a2fe655924d7,WBANN73557C156368,Toyota,RAV4,2010
a46299ad-88af-405f-8d56-46501510308e,1FTSW2A56AE148930,Chrysler,Crossfire,2005
fda93a21-ab07-47cd-adbc-640bca66887b,1G6AH5SX3E0621800,Toyota,FJ Cruiser,2010
9aa2e6c2-4183-428c-a901-4d9d33aeaf40,WAUEFBFL0AN466448,Toyota,Solara,2004
fc6edc00-a17e-4ae6-8664-17a5c4165583,WBAUC7C52AV686889,Mitsubishi,Lancer Evolution,2003
6c88eb2d-0f3f-4e92-98ed-719d8bf333a7,1N6AA0EJ2FN008127,Nissan,Sentra,2001
f7368824-6836-49b4-b875-064042d88719,WA1WMBFE7DD736374,Nissan,Altima,2013
ab0549a4-f8f9-4c5c-95a7-12d22ac6413c,WAUSFAFL7AA465446,Scion,iQ,2012
d806cafd-7a5f-4f8a-852c-e996f4302c7e,WBANN73566B332526,Chevrolet,Lumina,1995
e8c3957b-5c12-4d0c-8e2a-03da10cf2a56,WAUGU54D41N510477,Jaguar,XJ,2010
97a32886-0a2b-478e-84be-83964f12e263,5NPDH4AE9BH235479,Cadillac,Allante,1992
77de7c12-684c-4002-9433-901c4758c0e8,1G6AJ5S34E0108556,Cadillac,CTS,2010
dbd39192-aca9-498d-af90-491d763b7661,1G6DA8E57C0759088,Volvo,S40,2010
e4b68ff3-ac7c-4781-bcc5-05860c7f8be5,WBACN534X1L835417,Dodge,Ram Van 2500,2002
47706dcd-6c64-4f47-bde2-f8e9a22772d6,1G6DL67A290507671,Honda,Civic,2000
a29a3871-4576-46b7-abd2-b1fd88768059,JTEBC3EHXB2415152,Lexus,LS,1996
1ae6a7a4-f856-42c5-846f-4631b9e3cc7b,4USBT53484L734038,Maybach,57,2011
574c00ae-e55a-45ee-8b10-490b86b06c31,WBAVT13526A847869,Volkswagen,GTI,1989
90495af9-d78f-482c-9947-5cf0e9dca73e,5NPEB4AC4BH134743,Honda,Insight,2006
4cf7bfd2-5638-43e8-a38d-464a195c26eb,WAUJC58E45A433313,Ford,Expedition,2001
5409d711-ad04-495b-9a44-193b05e46b95,3G5DB03LX6S557802,Subaru,Legacy,2008
289d90f4-9373-43a1-bdd4-2093f764e97a,1FAHP3HN8AW759693,Eagle,Vision,1995
3804c0e4-047b-4fd5-a25d-9dd6e4ab53a5,WDDHF0EB6EA358173,Mercury,Mountaineer,2006
fd4a1976-9574-4a41-b658-e3f321059097,1FTEX1CW5AF632740,Audi,A4,1999
dc476149-e6ce-4916-ab02-6abd81618473,WVWGD7AJ7EW394085,Saab,9000,1986
081f80e3-2f8f-455b-a8f3-b8e555ffc311,1D4RE5GG6BC831080,Mitsubishi,Eclipse,1994
2db7ba40-214a-451d-8508-028350d1c543,SALFR2BG5FH238452,Lexus,SC,1995
fe6e26fb-df06-46f7-b125-cb3405b8a441,KM8JT3AB6BU236964,Pontiac,Grand Prix,1984
3c5a9ec6-0b99-4ed5-81a1-e40c9cbee4f8,2C3CCAJT2CH455360,Dodge,Ram 3500 Club,1995
5cfdf426-664d-45d5-a7e4-9db1262d060e,1D4RE4GG0BC287542,GMC,Safari,2000
01e29c16-1416-4140-9101-9f7f3b0863ee,SAJWA4DC8DM681849,Saab,900,1993
baebb9ff-b11b-4a13-8c5b-0511729f61d3,SCFBB03B47G448583,Chevrolet,Suburban 1500,2006
64e06f06-ef4c-414a-acf2-ffd83f1d5ae1,1G6DV57VX80887798,Toyota,Prius,2010
7e7218ef-9cd7-44e4-aa88-8da3eb83aae0,3VW517AT7EM238773,Chevrolet,Express,2009
7fc057ed-9d1e-435b-bb7f-9ce770ee8855,5UXZW0C54C0098451,Mercury,Cougar,1995
9cf38824-7a45-4a75-8fb0-3f0fe5be2b9c,WBALM73559E015396,Chevrolet,Express 3500,2005
a6a8219b-de50-427e-95bb-2151e979c080,WAUGGBFC4CN518723,Mercedes-Benz,E-Class,2005
cbc875ef-c596-41b6-b2f4-a83f34246d14,1GYS4GEF5CR822984,Nissan,Pathfinder,2004
6a6a2267-da03-4215-9738-c4739471ca75,2GKALMEK0C6218419,Honda,Odyssey,2001
da8e6de7-59e2-40a5-acc3-84cac840a6fa,WAUKG58E95A321079,BMW,Z4 M,2009
9fa59a92-1275-45d3-8889-25bed0e8fd13,SALFP2BG9FH102539,Chevrolet,Silverado 3500,2004
1e1671b4-3d29-4450-9857-e2e857be7cec,1N6AD0CUXCC895519,Pontiac,Solstice,2007
a24a9fd4-579f-4878-b3e6-8e69b8b8f5dd,WBADW3C57DE372465,Nissan,Sentra,1998
22df1a25-ba77-4453-8ba2-292cde0a3cf6,WUAGNAFG2BN430437,Pontiac,Bonneville,1992
c4016f99-e4a7-43a0-9d76-275439cfa249,WBA3B3C50DF350602,Mitsubishi,Precis,1992
06e98d38-d09e-45ff-aa9c-c9091cd65306,WBAET374X4N805792,Volkswagen,Passat,2007
7cc7e9ab-dff9-452b-a2b3-70c9d9be642d,SCBGU3ZA3FC297551,Chevrolet,Aveo,2011
19e0327a-2b31-4e4f-8b63-aab3463c2dd2,WBAFR9C50CD473631,Dodge,Nitro,2010
607f538d-1135-4c0a-a3e6-88a03fb4b6f1,1GYFK66868R350027,Volvo,S40,2009
9c1b1814-cafc-4f12-a67e-5e4412ac2ca0,WAUDFAFL3CA685341,Mercury,Grand Marquis,1991
3aef8495-2231-41d1-853a-2f07bd38ad8e,1N4AL2APXCN408702,Buick,Riviera,1997
7af0283e-4cc0-4314-a93e-874a1f026c60,1G6KD57Y88U781797,Dodge,Journey,2011
c667b588-34c5-4cb5-9f92-c786d03de46f,WAUSF78K09A108810,Mitsubishi,Galant,2012
27eeb45c-ffc9-4948-8381-32f1341032a1,2G61S5S32E9972072,Volvo,850,1997
4f0020b1-c97c-4688-99a6-c4754584cde2,JH4DC53052C379000,Chrysler,Cirrus,2000
4ef91d1b-ce12-4ba4-ad7b-fa591d62f401,1GYFC43549R906073,Dodge,Stratus,2002
c696f606-9396-4ffd-a838-350e1b3e5553,19UUA8F24CA918114,Chevrolet,Corvette,1999
ed2ad994-d6ad-44c4-ae92-d32dfc155944,4A31K3DT7AE901856,Saturn,Relay,2007
